"Meta","species","R","Pvalue"
"(15:3)-Anacardic acid","Anaerostipes hadrus",-0.152178396242559,0.355051377062274
"(2-oxo-2,3-dihydro-1H-indol-3-yl)acetic acid","Anaerostipes hadrus",-0.222098486799894,0.174171761361999
"[(1-Benzyl-1H-indazol-3-yl)oxyacetic acid","Anaerostipes hadrus",0.190678922588879,0.244929835802442
"1,3,7-Trimethyluric acid","Anaerostipes hadrus",-0.0427698220259966,0.79600134049881
"1,4-Butynediol","Anaerostipes hadrus",-0.0529915641406682,0.748672412553565
"1,5-Anhydrosorbitol","Anaerostipes hadrus",-0.194244685088012,0.2360502306517
"1,7-Dimethyluric acid","Anaerostipes hadrus",0.055319177329186,0.73801401172505
"10-Hydroxydecanoic acid","Anaerostipes hadrus",-0.039918966790658,0.809338847230624
"12-Ketodeoxycholic acid","Anaerostipes hadrus",-0.0318135928230117,0.847538284900498
"13-Hydroxy-9Z,11E-octadecadienoic acid","Anaerostipes hadrus",-0.173860271606013,0.289818787164053
"1-Methylpseudouridine","Anaerostipes hadrus",-0.171454691962666,0.296647137539003
"1-Methylxanthine","Anaerostipes hadrus",0.00770010526926398,0.962893214784477
"1-Palmitoyl-2-hydroxy-sn-glycero-3-phospho-(1-rac-glycerol)","Anaerostipes hadrus",-0.0671766864727783,0.684501181734045
"2,3-Dihydroxybenzoic acid A","Anaerostipes hadrus",0.131509692625061,0.424851911539073
"2,6-Diaminopimelic acid","Anaerostipes hadrus",0.270760601019057,0.0954765408549996
"2,8-Quinolinediol","Anaerostipes hadrus",-0.119554266022783,0.468494404020281
"2-[4-(Acetylamino)phenyl-4-quinolinecarboxylic acid","Anaerostipes hadrus",-0.109017279864843,0.50884609551794
"2-{[2-Hydroxy-1,1-bis(hydroxymethyl)ethylammonio}ethanesulfonate","Anaerostipes hadrus",0.26777485160172,0.0993324033755796
"2-Amino-3-methoxybenzoic acid","Anaerostipes hadrus",0.31612558340131,0.0499284386802938
"2-Aminonicotinic acid","Anaerostipes hadrus",0.0792300305337425,0.631619938573951
"2-Aminophenol","Anaerostipes hadrus",-0.0972644876117555,0.555825445064325
"2-Deoxycytidine","Anaerostipes hadrus",-0.245592831219683,0.131806966512859
"2-Deoxyribose","Anaerostipes hadrus",0.348733714957982,0.0295700080787409
"2-Deoxyuridine","Anaerostipes hadrus",-0.281053842328135,0.0830595377149632
"2-Dodecoxyethyl hydrogen sulfate","Anaerostipes hadrus",-0.293009268930414,0.0702537348526371
"2-Hydroxybenzaldehyde","Anaerostipes hadrus",0.0824763541309827,0.61766762331751
"2-Hydroxycinnamic acid","Anaerostipes hadrus",0.223100418459464,0.172187021353476
"2-Hydroxyisobutyric acid","Anaerostipes hadrus",0.137791357449987,0.402867714823302
"2-Hydroxynicotinic acid","Anaerostipes hadrus",0.259371966964681,0.110823977673989
"2-Hydroxypalmitic acid","Anaerostipes hadrus",0.275495340150052,0.0895988914139969
"2-Hydroxyphenylacetic acid","Anaerostipes hadrus",0.105375194467103,0.523188186537604
"2-Hydroxyquinoline","Anaerostipes hadrus",0.174062905955204,0.289248271989025
"2-Ketogluconic acid","Anaerostipes hadrus",0.251266592997035,0.122835919775696
"2-Methylglutaric acid","Anaerostipes hadrus",0.105572495928593,0.52240617409879
"2-Propanamidoacetic acid","Anaerostipes hadrus",0.283297157432712,0.080527884544064
"3-(1-Pyrazolyl)-alanine","Anaerostipes hadrus",0.135177635389005,0.411934505205573
"3-(3-Hydroxyphenyl)propionic acid","Anaerostipes hadrus",-0.104154055484255,0.528041001710635
"3-(Hydroxymethyl)phenol","Anaerostipes hadrus",-0.0102340705236772,0.950695111260262
"3,4-Dihydroxybenzoic acid","Anaerostipes hadrus",0.0423505789809519,0.797959253732199
"3,4-Dihydroxyphenylacetic acid","Anaerostipes hadrus",0.0521809857216905,0.752395091429815
"3-[3-Tert-butylsulfanyl-1-[(4-chlorophenyl)methyl-5-propan-2-ylindol-2-yl-2,2-dimethylpropanoic acid","Anaerostipes hadrus",-0.156153475363161,0.342472683508321
"3-Carboxy-4-methyl-5-propyl-2-furanpropionic acid","Anaerostipes hadrus",-0.0103348748419659,0.950210066212121
"3-Deoxyuridine","Anaerostipes hadrus",-0.121580609514694,0.460934295599214
"3-Hydroxyglutaric acid","Anaerostipes hadrus",0.190071019541306,0.246465782709733
"3-Hydroxyphenylacetic acid","Anaerostipes hadrus",0.142654581830575,0.386306224361552
"3-Hydroxypropanoic acid","Anaerostipes hadrus",-0.110435720309181,0.503314419313813
"3-Indoleacetic acid","Anaerostipes hadrus",0.0838906205651392,0.611630012489772
"3-Indolepropionic acid","Anaerostipes hadrus",0.17934047519882,0.274644838607945
"3-Isochromanone","Anaerostipes hadrus",-0.136778185704031,0.406368631118498
"3-Methyladipic acid","Anaerostipes hadrus",-0.116920019483298,0.478420098585995
"3-Methylglutaric acid","Anaerostipes hadrus",0.0287740775851443,0.861957031714822
"3-Methylhistidine","Anaerostipes hadrus",0.0670719695822731,0.684967628823232
"3-O-Methylguanosine","Anaerostipes hadrus",0.0418461108797246,0.800316793012044
"3-O-Methyluridine","Anaerostipes hadrus",0.287191014522154,0.0762766411594702
"4,5,7-Trihydroxyisoflavone","Anaerostipes hadrus",0.115298944689769,0.484582518064
"4,6-Dihydroxypyrimidine","Anaerostipes hadrus",0.313677972547912,0.0518258784327377
"4-Acetylbutyric acid","Anaerostipes hadrus",0.168794412876234,0.30431760130876
"4-Hydroxybenzoic acid","Anaerostipes hadrus",0.249442883854315,0.125668116550132
"4-Hydroxyhippuric acid","Anaerostipes hadrus",0.266673473193982,0.100784431196321
"4-Hydroxymandelonitrile","Anaerostipes hadrus",0.145926274139697,0.375392481665489
"4-Hydroxyquinoline","Anaerostipes hadrus",0.204255423984687,0.212297491952083
"4-Isopropylbenzoic acid","Anaerostipes hadrus",-0.0369845122885364,0.823123112609077
"4-Pregnen-17.alpha., 20.alpha.-diol-3-one","Anaerostipes hadrus",0.108228653320275,0.511934761600711
"4-Pyridoxic acid","Anaerostipes hadrus",-0.132522864371017,0.421261335970408
"4-Thiouridine","Anaerostipes hadrus",0.016516371241182,0.920506650922535
"5-(Acetylamino)-2-hydroxybenzoic acid","Anaerostipes hadrus",0.10151980894477,0.538583837818242
"5-Aminosalicylic acid","Anaerostipes hadrus",0.0569402521227152,0.730619219217537
"5-Hydroxytryptophan","Anaerostipes hadrus",0.670416218690898,3.02298028920234e-06
"5-Methylcytidine","Anaerostipes hadrus",0.0773089167099997,0.639936724119133
"5-Methyluridine","Anaerostipes hadrus",-0.378337477057849,0.0175548357280304
"6,6-Dihydroxy-5,5-dimethoxybiphenyl-3,3-dicarboxylic acid","Anaerostipes hadrus",-0.281256476677326,0.0828283495761801
"6,7-Dihydroxycoumarin","Anaerostipes hadrus",0.204367083884757,0.212042258025138
"6-Methyl-1,2,3-oxathiazin-4(3H)-one 2,2-dioxide","Anaerostipes hadrus",0.0383056469616705,0.816910494159136
"8-(3-Octyl-2-oxiranyl)octanoic acid","Anaerostipes hadrus",0.0596788360972344,0.71818140348616
"9,10-Dihydroxy-12Z-octadecenoic acid","Anaerostipes hadrus",0.0284715669665923,0.863394566380956
"Abscisic acid","Anaerostipes hadrus",0.394934346573566,0.012839308222925
"Acetylenedicarboxylic acid","Anaerostipes hadrus",-0.0162107479352926,0.921973069429223
"Aconitic acid","Anaerostipes hadrus",0.250975342975976,0.123284990693197
"Adenine","Anaerostipes hadrus",0.0389057950447022,0.814091920861334
"Adipic acid","Anaerostipes hadrus",0.0563323490751418,0.73338949494817
"Ala-Ala","Anaerostipes hadrus",0.115704213388151,0.483038057728286
"Ala-Ile","Anaerostipes hadrus",0.0174265540304395,0.916141034586372
"Ala-Leu","Anaerostipes hadrus",-0.0411347728858049,0.803644062302413
"Alanine","Anaerostipes hadrus",0.277811692741077,0.0868271177331295
"Ala-Val","Anaerostipes hadrus",-0.0378926232987464,0.818851566480835
"Albendazole","Anaerostipes hadrus",-0.161828098737812,0.324996210822484
"alpha-Hydroxyhippuric acid","Anaerostipes hadrus",0.363092944612872,0.023092797887184
"Anacardic acid diene","Anaerostipes hadrus",0.0631237943778897,0.702636910155486
"Arabinose","Anaerostipes hadrus",0.0636271856460234,0.700375260803417
"Arabitol","Anaerostipes hadrus",0.00871327701521977,0.958014814932111
"Arachidonyl dopamine","Anaerostipes hadrus",-0.0547140432809959,0.740780437358894
"Arginine","Anaerostipes hadrus",0.0980750250085202,0.552521514997639
"Asparagine","Anaerostipes hadrus",0.237499476760471,0.145433704463278
"Aspartic acid","Anaerostipes hadrus",0.268895781376666,0.097871085423169
"Asp-Phe","Anaerostipes hadrus",0.192299997382408,0.240865510674082
"Benzoic acid","Anaerostipes hadrus",0.0549139086308036,0.73986637723813
"Benzylsuccinic acid","Anaerostipes hadrus",-0.160081135861014,0.330316098379696
"beta-Hydroxyisovaleric acid","Anaerostipes hadrus",-0.0366768172035995,0.824571586826277
"beta-Hydroxymyristic acid","Anaerostipes hadrus",0.285511798010341,0.0780879313812504
"Butyrylglycine","Anaerostipes hadrus",0.383586823018861,0.0159272714731462
"Carboxyibuprofen","Anaerostipes hadrus",0.119155027589724,0.469991647216159
"Carnosine","Anaerostipes hadrus",-0.0960486815166086,0.56079860431081
"Cellobiose B","Anaerostipes hadrus",0.273961640106445,0.0914713854654328
"Cerivastatin","Anaerostipes hadrus",0.130428210970879,0.428703414761437
"Chenodeoxycholic acid 3-sulfate","Anaerostipes hadrus",0.075025419374598,0.649878969452524
"Cholesterol 3-sulfate","Anaerostipes hadrus",0.0172239196812484,0.917112748149859
"Cholic acid","Anaerostipes hadrus",0.138912876552306,0.399012700203508
"Citraconic acid","Anaerostipes hadrus",-0.0790273961845514,0.632495089693587
"Citrulline","Anaerostipes hadrus",0.274366908804827,0.0909736873637292
"Coniferylaldehyde","Anaerostipes hadrus",0.142871677607771,0.385576335381293
"Cordycepin","Anaerostipes hadrus",0.0881637906260671,0.593541919438916
"Cortodoxone","Anaerostipes hadrus",0.0996960998020494,0.545941512645855
"Creatinine","Anaerostipes hadrus",-0.122606191422271,0.457133014349931
"Cyclohexanesulfamic acid","Anaerostipes hadrus",-0.103146103814914,0.532063106259776
"Cysteic Acid","Anaerostipes hadrus",0.178115592939027,0.27799034592643
"Cytidine","Anaerostipes hadrus",-0.0715299252644786,0.665214159520595
"Cytidine-5-monophosphate","Anaerostipes hadrus",0.156691870013724,0.340790266105568
"Daidzein","Anaerostipes hadrus",0.196757953064614,0.229924380330762
"Dehydrocholic acid","Anaerostipes hadrus",0.0693009474233758,0.675064066636761
"Dehydroepiandrosterone sulfate","Anaerostipes hadrus",0.00922032951587153,0.955573923175
"Dihydrocapsaicin","Anaerostipes hadrus",-0.230204270989672,0.15857846763137
"Dihydroorotic acid","Anaerostipes hadrus",0.192097363033217,0.241371045228266
"Dodecanedioic acid","Anaerostipes hadrus",0.0143870387925722,0.930728575876718
"E-4031","Anaerostipes hadrus",-0.0314083241246294,0.849458065278333
"Enterolactone","Anaerostipes hadrus",0.0269503684424239,0.870629806380662
"Epicatechin","Anaerostipes hadrus",0.076498338291022,0.643458968880576
"Epitestosterone sulfate","Anaerostipes hadrus",0.210782395979563,0.197733442904202
"Ethyl sulfate","Anaerostipes hadrus",0.0800405679305072,0.628124291365996
"Ethyl-beta-glucuronide","Anaerostipes hadrus",0.24479468253127,0.133107011729648
"Ethylmalonic acid","Anaerostipes hadrus",-0.0747720748515371,0.650985753259819
"Ezetimibe","Anaerostipes hadrus",0.0111448892055137,0.946313137388822
"FAHFA 36:2","Anaerostipes hadrus",0.0014184404443381,0.993162255527596
"Ferulic acid","Anaerostipes hadrus",-0.144181636275661,0.381189345603446
"Flavin adenine dinucleotide","Anaerostipes hadrus",0.251824160581353,0.121979639466147
"Galactonic acid","Anaerostipes hadrus",0.396758055716286,0.0123938426516688
"gamma-Aminobutyric acid","Anaerostipes hadrus",0.207497573571745,0.204972898760213
"gamma-Glutamylleucine","Anaerostipes hadrus",0.138196626148369,0.401472216024069
"gamma-Glutamylmethionine","Anaerostipes hadrus",0.294630343723943,0.0686441013318508
"gamma-Glutamyltyrosine","Anaerostipes hadrus",-0.00699123886368281,0.966307193651688
"Gentisinic acid","Anaerostipes hadrus",-0.00243161219029389,0.988278419050001
"Ginkgolic acid I","Anaerostipes hadrus",0.104260649141009,0.527616523445738
"Ginkgolic acid II","Anaerostipes hadrus",0.00202634349191157,0.990231912932672
"Glucose","Anaerostipes hadrus",0.252279764742991,0.121283276175655
"Glucuronic acid A","Anaerostipes hadrus",0.200405371350055,0.221228443635159
"Glucuronic acid B","Anaerostipes hadrus",0.187436773001821,0.253196237001628
"Glutamic acid","Anaerostipes hadrus",0.366160268988421,0.0218748057032525
"Glutamine","Anaerostipes hadrus",0.124214856054179,0.451204723347533
"Glutaric acid","Anaerostipes hadrus",0.185207795160718,0.258986224856044
"Glu-Thr","Anaerostipes hadrus",0.212574190376906,0.193860996409851
"Glu-Val-Phe","Anaerostipes hadrus",0.111854160753519,0.497813360476895
"Glyceraldehyde","Anaerostipes hadrus",0.294630343723943,0.0686441013318508
"Glyceric acid","Anaerostipes hadrus",0.242755950331007,0.136470917112302
"Glycocholic acid","Anaerostipes hadrus",-0.0447821911712458,0.786620674791174
"Glycodeoxycholic acid","Anaerostipes hadrus",0.279675656804735,0.0846452497285504
"Gly-Tyr","Anaerostipes hadrus",0.209230554398623,0.201130880837017
"Gly-Tyr-Ala","Anaerostipes hadrus",-0.177912958589836,0.278546351858758
"Guanine","Anaerostipes hadrus",-0.230800523728728,0.157472842719554
"Guanosine","Anaerostipes hadrus",-0.120972706467121,0.463195436284141
"Guanosine-3,5-cyclic monophosphate","Anaerostipes hadrus",0.158468080910144,0.335275900143698
"Halometasone","Anaerostipes hadrus",-0.0247226417788204,0.881244090265396
"Histamine-trifluoromethyltoluide","Anaerostipes hadrus",0.13313076741859,0.419115211578038
"Histidine","Anaerostipes hadrus",0.195542146969467,0.23287411460098
"Homogentisic acid","Anaerostipes hadrus",0.0133738670466164,0.935596287513821
"Homoserine","Anaerostipes hadrus",0.28713287280387,0.0763388018628071
"Homovanillic acid","Anaerostipes hadrus",0.255521914330049,0.116413662589686
"Hypoxanthine","Anaerostipes hadrus",-0.257750892171152,0.113152230925215
"Ile-Ile","Anaerostipes hadrus",-0.184194623414762,0.26164687985113
"Indolelactic acid","Anaerostipes hadrus",0.21537687031881,0.18791138789011
"Indoxyl sulfate","Anaerostipes hadrus",0.286655302093889,0.0768508839683584
"Inosine","Anaerostipes hadrus",-0.227963642840052,0.162783608129088
"Isoleucine","Anaerostipes hadrus",0.312867435151147,0.0524668187586159
"Isomaltose A","Anaerostipes hadrus",0.355492617834763,0.0263558465021809
"Isorhamnetin","Anaerostipes hadrus",-0.0188459482412319,0.909337911255002
"Isoxanthopterin","Anaerostipes hadrus",-0.137588723100796,0.403566508049533
"Kaempferol","Anaerostipes hadrus",-0.0121580609514694,0.941440574668756
"Ketoisovaleric acid","Anaerostipes hadrus",0.0405268698382315,0.806490225131483
"Kynurenic acid","Anaerostipes hadrus",-0.109219914214034,0.508053990403176
"Lactose A","Anaerostipes hadrus",0.292633620518611,0.0706309352511862
"Lactulose","Anaerostipes hadrus",0.170212853320572,0.300212197349925
"Leu-Asp","Anaerostipes hadrus",0.0417426759333784,0.800800393585292
"Levocetirizine","Anaerostipes hadrus",0.0456088884257282,0.782775529814625
"Liquiritigenin","Anaerostipes hadrus",-0.100101368500432,0.544302353365475
"L-Kynurenine","Anaerostipes hadrus",0.291388194136884,0.0718929087123166
"LPE 14:0","Anaerostipes hadrus",-0.119959534721165,0.466977138961321
"LPE 18:1","Anaerostipes hadrus",-0.0178318227288218,0.914197969219043
"LPG 15:0","Anaerostipes hadrus",-0.0571544573713814,0.729643864337467
"LPI 16:0","Anaerostipes hadrus",0.0267477340932328,0.871594388459183
"Lysine","Anaerostipes hadrus",0.288551313248208,0.0748335757143122
"Maleic acid","Anaerostipes hadrus",-0.13131370387439,0.425548448562488
"Malic acid","Anaerostipes hadrus",0.167781241130278,0.307271807600333
"Maltotriose","Anaerostipes hadrus",0.107801473769696,0.5136117226578
"Mannitol","Anaerostipes hadrus",0.198379027858143,0.226031183530338
"Methioninesulfoxide","Anaerostipes hadrus",0.313880606897103,0.0516666285699796
"Methyl-4-hydroxy-3-methoxybenzoate","Anaerostipes hadrus",0.285526248084901,0.0780722028720899
"Methylmalonic acid","Anaerostipes hadrus",0.165349628939984,0.314435907935451
"Muramic acid","Anaerostipes hadrus",0.0370820859019818,0.82266390535434
"N-2-Fluorenylacetamide","Anaerostipes hadrus",-0.13952081036654,0.396931969690541
"N-Acetylaspartic acid","Anaerostipes hadrus",0.113475235547048,0.49156422196496
"N-Acetyl-D-glucosamine","Anaerostipes hadrus",0.130699155228297,0.427736672017227
"N-Acetylglucosamine","Anaerostipes hadrus",-0.0301925180294824,0.855222501494289
"N-Acetylglutamic acid","Anaerostipes hadrus",0.195339512620276,0.233368227543188
"N-Acetylglycine","Anaerostipes hadrus",0.433840141618268,0.00579298236308912
"N-Acetylhistidine","Anaerostipes hadrus",0.205065961381451,0.210449581711906
"N-Acetylleucine","Anaerostipes hadrus",0.0228976814586008,0.889954694532853
"N-Acetylmethionine","Anaerostipes hadrus",0.429584820285254,0.00634831145181924
"N-Acetylneuraminic acid","Anaerostipes hadrus",0.244186748717037,0.134103596161182
"N-Acetylphenylalanine","Anaerostipes hadrus",0.217426656682112,0.183642637256233
"N-Acetylserine","Anaerostipes hadrus",0.358579628095267,0.0249872165024532
"N-Acetylserotonin","Anaerostipes hadrus",0.183697334200825,0.262959396595438
"N-Acetyltryptophan","Anaerostipes hadrus",0.15694824637456,0.339990908380521
"Naringin","Anaerostipes hadrus",-0.224046290738449,0.170328264726088
"N-Carbobenzyloxyleucine","Anaerostipes hadrus",0.370813383016665,0.0201297066778274
"N-Cinnamoylglycine","Anaerostipes hadrus",0.15877204781726,0.33433776784325
"N-epsilon-Acetyllysine","Anaerostipes hadrus",0.184802526462336,0.260048321887745
"Nervonic acid","Anaerostipes hadrus",0.290693685505884,0.0726042953245534
"N-Formylmethionine","Anaerostipes hadrus",0.142046678783001,0.388354328691241
"Nicotinic acid","Anaerostipes hadrus",-0.0956434128182263,0.562460901363527
"N-Isobutyrylglycine","Anaerostipes hadrus",0.260182504361446,0.109673537821438
"N-Isovalerylglycine","Anaerostipes hadrus",0.397568593113051,0.0122001102651539
"Nitazoxanide","Anaerostipes hadrus",-0.382752456545581,0.0161771258323711
"Nizatidine","Anaerostipes hadrus",-0.0993008823089471,0.547542275121791
"N-Methylalanine","Anaerostipes hadrus",0.357649626322393,0.0253931794611857
"N-Methylanthranilic acid","Anaerostipes hadrus",0.0547168127008484,0.740767769349998
"N-Methylglutamic acid","Anaerostipes hadrus",0.398581764859007,0.0119615667761761
"N-Methylisoleucine","Anaerostipes hadrus",-0.0590738922307308,0.720922849168005
"N-Methylphenylalanine","Anaerostipes hadrus",-0.0241134875537477,0.884150126380837
"N-Methylserine","Anaerostipes hadrus",0.294746577600772,0.0685298136918706
"N-Methyltyrosine","Anaerostipes hadrus",0.0592885524693352,0.719949669989291
"N-Methylvaline","Anaerostipes hadrus",0.12786227433962,0.437918998052678
"Norepinephrine","Anaerostipes hadrus",0.0767048652121152,0.642560804287297
"O-Acetylsalicylic acid","Anaerostipes hadrus",0.072137828312052,0.662537322963332
"Octadecanedioic acid","Anaerostipes hadrus",-0.0148943784487155,0.928292020779437
"Oleic acid","Anaerostipes hadrus",-0.211752894904759,0.195629309429189
"Olmesartan","Anaerostipes hadrus",0.00486322438058778,0.976559263560941
"Omeprazole","Anaerostipes hadrus",-0.0504661698066453,0.760288718571033
"Orlistat","Anaerostipes hadrus",-0.105977764626975,0.520801683443818
"Ornithine","Anaerostipes hadrus",0.308814748167324,0.0557674265458754
"Orotic acid","Anaerostipes hadrus",0.343667856228203,0.0321853202973807
"O-Succinylhomoserine","Anaerostipes hadrus",0.377305158193935,0.0178908167358109
"Otenzepad","Anaerostipes hadrus",-0.0808674769190822,0.624566260816647
"Oxaprozin","Anaerostipes hadrus",0.108921475050131,0.509220815978678
"Oxazepam","Anaerostipes hadrus",-0.237082188553654,0.146163298725519
"Palmitic acid","Anaerostipes hadrus",0.171032046404298,0.297857403981423
"Pantoprazole","Anaerostipes hadrus",0.0712548276911323,0.666426871080497
"PE-Cer 23:3;2O/18:2;O","Anaerostipes hadrus",0.167375972431896,0.308458569921858
"Penciclovir","Anaerostipes hadrus",-0.0927192926393851,0.574521896197542
"PG O-18:2_11:0","Anaerostipes hadrus",0.0755826122483017,0.647447373351388
"Phenylacetylglutamine","Anaerostipes hadrus",0.410942460159667,0.00935592021096499
"Phenylalanine","Anaerostipes hadrus",0.2818643797249,0.0821377838880633
"Phenyl-beta-glucopyranoside","Anaerostipes hadrus",-0.0293819806327178,0.859069597744085
"Phloretin","Anaerostipes hadrus",0.00618066044470509,0.970211751106344
"Phlorobenzophenone","Anaerostipes hadrus",-0.144789570089895,0.379163426626024
"Phthalic acid","Anaerostipes hadrus",-0.0609929391065384,0.712238248258599
"Piceid","Anaerostipes hadrus",-0.0628166482492588,0.704018106578727
"Pizotifen","Anaerostipes hadrus",0.125430662149326,0.446752031394577
"Proline","Anaerostipes hadrus",0.24680863731483,0.12984479360292
"Proline-hydroxyproline","Anaerostipes hadrus",0.180371957265689,0.271848095628403
"Propionic acid","Anaerostipes hadrus",0.000607933814233288,0.997069361692245
"Pseudouridine","Anaerostipes hadrus",0.115298944689769,0.484582518064
"Purine","Anaerostipes hadrus",0.0970618532625644,0.556652869690786
"Pyridoxamine","Anaerostipes hadrus",-0.0733573469174834,0.657179774836887
"Pyridoxine","Anaerostipes hadrus",0.413576706699152,0.00886834088862964
"Pyroglutamic acid","Anaerostipes hadrus",0.347720543212026,0.0300785550038394
"Pyrrole-2-carboxylic acid","Anaerostipes hadrus",0.156238990257955,0.342205120359902
"Pyruvic acid","Anaerostipes hadrus",0.0441742881236723,0.789451353505538
"Quinic acid","Anaerostipes hadrus",0.379331501685847,0.0172363440598202
"Ribose A","Anaerostipes hadrus",-0.206484401825789,0.20724264801944
"Riluzole","Anaerostipes hadrus",-0.0381010426583703,0.81787193176235
"S-Adenosyl-homocysteine","Anaerostipes hadrus",0.326055169033787,0.0427956222538861
"Salicylic acid","Anaerostipes hadrus",0.0790273961845514,0.632495089693587
"Serine","Anaerostipes hadrus",0.18034457078013,0.271922108384679
"Ser-Val","Anaerostipes hadrus",-0.0660587978363173,0.689486590309039
"Sodium lauryl sulfate","Anaerostipes hadrus",-0.266261534837181,0.101331666268447
"Sorbose","Anaerostipes hadrus",0.131509692625061,0.424851911539073
"Stavudine","Anaerostipes hadrus",-0.103546152436681,0.530464983517471
"Sucrose","Anaerostipes hadrus",-0.00587639612654356,0.971677574355558
"Syringic acid","Anaerostipes hadrus",0.0824721801208011,0.617685479452569
"Taurine","Anaerostipes hadrus",0.135359745259693,0.411299046088583
"Taurocholic acid","Anaerostipes hadrus",-0.06828777567742,0.679559121738579
"Threonic acid","Anaerostipes hadrus",0.278129720011729,0.0864518023308651
"Threonine","Anaerostipes hadrus",-0.033434667616541,0.839867939956892
"Thymidine","Anaerostipes hadrus",-0.283282820169238,0.0805438715808537
"Thymidine-5-monophosphate","Anaerostipes hadrus",0.388264007709441,0.0145860938589706
"Tomelukast","Anaerostipes hadrus",0.179239152896448,0.274920574562952
"Toradol","Anaerostipes hadrus",-0.158865329765867,0.334050197682207
"Torasemide","Anaerostipes hadrus",-0.0988855624052848,0.549226853599487
"Tyrosine","Anaerostipes hadrus",0.10496459288102,0.524817467529545
"Tyr-Tyr","Anaerostipes hadrus",0.0135765013958075,0.934622554863387
"Uracil","Anaerostipes hadrus",0.0575481551702887,0.727852308531378
"Valine","Anaerostipes hadrus",0.233232135919022,0.153021894766787
"Val-Val","Anaerostipes hadrus",-0.0431611163777165,0.794175060944659
"Valylphenylalanine","Anaerostipes hadrus",-0.10678830202374,0.517600020332958
"Vanillic acid","Anaerostipes hadrus",0.0520770277421274,0.752872932703803
"Vanillin","Anaerostipes hadrus",0.157353535584049,0.338729607092219
"Vardenafil","Anaerostipes hadrus",0.139216843459423,0.397971549274379
"Vincristine","Anaerostipes hadrus",0.0581796174889188,0.724981763795103
"Vitexin","Anaerostipes hadrus",-0.125665098371321,0.445896212801286
"Willardiine","Anaerostipes hadrus",0.15544414744133,0.344697004213032
"Xanthine","Anaerostipes hadrus",-0.000405268698382315,0.998046337664967
"Xanthosine","Anaerostipes hadrus",-0.0926085843682041,0.574980825310909
"Xylose","Anaerostipes hadrus",-0.0389057950447022,0.814091920861334
"Zeranol","Anaerostipes hadrus",0.356958471257312,0.0256984121775239
"Riboflavin","Anaerostipes hadrus",0.160689038908588,0.328458802518721
"1-(Benzo[d[1,3dioxol-4-yl)-2-(ethylamino)propan-1-one","Anaerostipes hadrus",0.188155515505203,0.251347811201101
"1,5-Pentanediamine","Anaerostipes hadrus",0.338517812225569,0.0350359128629805
"1-Hexadecylpyridinium cation","Anaerostipes hadrus",-0.192907900429982,0.239353198789527
"1-palmitoyl-2-hydroxy-sn-glycero-3-phosphoethanolamine","Anaerostipes hadrus",0.0326241302197763,0.843701335799867
"1-Stearoyl-2-hydroxy-sn-glycero-3-phosphocholine","Anaerostipes hadrus",-0.0133738670466164,0.935596287513821
"2-Deoxyinosine","Anaerostipes hadrus",-0.356231185878055,0.0260228791558006
"3-(Hydroxymethyl)-6,7-dimethylquinolin-2-ol","Anaerostipes hadrus",0.230395255030346,0.158223716517715
"4-Hydroxyquinoline-2-carbaldehyde","Anaerostipes hadrus",-0.0425532133301431,0.797012775077732
"4-Methyl-5-thiazoleethanol","Anaerostipes hadrus",-0.317240128727404,0.04908312451319
"alpha-Chaconine","Anaerostipes hadrus",-0.332387270265576,0.0386951805591647
"Arg-Leu","Anaerostipes hadrus",-0.365755000290039,0.0220325929110694
"Benzyldimethyltetradecylammonium cation","Anaerostipes hadrus",-0.12786227433962,0.437918998052678
"Cholic Acid","Anaerostipes hadrus",0.150962590147412,0.358953770724206
"Choline cation","Anaerostipes hadrus",-0.215805581888583,0.187012827793461
"Citalopram","Anaerostipes hadrus",-0.137993991799178,0.402169617358633
"Cyclohexylamine","Anaerostipes hadrus",-0.117933191229254,0.474589543130991
"D-erythro-N-stearoylsphingosine","Anaerostipes hadrus",0.181155108176895,0.269737203699255
"Desloratadine","Anaerostipes hadrus",0.235484949475503,0.148980756824295
"Deuteroporphyrin IX","Anaerostipes hadrus",-0.0101317174595579,0.951187626404825
"Ethylhexadecyldimethylammonium cation","Anaerostipes hadrus",0.123613208894102,0.453417030519414
"Eutylone","Anaerostipes hadrus",0.293617171977987,0.0696466789525241
"Gln-Ile","Anaerostipes hadrus",-0.48490399761444,0.00175673488181771
"Gly-Ile","Anaerostipes hadrus",-0.194123706525129,0.23634786944432
"Gly-Val","Anaerostipes hadrus",-0.201823811794393,0.217908545252357
"Guanidine","Anaerostipes hadrus",0.133914990477426,0.416355741843982
"Hematoporphyrin","Anaerostipes hadrus",0.0983541575815467,0.551385851725715
"Heptadecasphinganine","Anaerostipes hadrus",0.200202737000863,0.221705536434609
"Histamine","Anaerostipes hadrus",0.080753874990655,0.625054573507177
"Indole-6-carboxaldehyde","Anaerostipes hadrus",0.329686086134013,0.0404033962556041
"Lidocaine-N-Oxide","Anaerostipes hadrus",0.00162107479352926,0.992185462964609
"L-Isoleucine","Anaerostipes hadrus",0.263222019599313,0.105439863140009
"Lithocholic acid","Anaerostipes hadrus",0.0577507895194799,0.72693075829297
"L-Phenylalanine","Anaerostipes hadrus",0.204255423984687,0.212297491952083
"L-Tyrosine","Anaerostipes hadrus",0.154204739734471,0.348604707152459
"L-Valine","Anaerostipes hadrus",0.117122653832489,0.477652694202002
"Maltose","Anaerostipes hadrus",-0.0131712326974252,0.936570112543857
"Mesoporphyrin IX","Anaerostipes hadrus",0.0980750250085202,0.552521514997639
"Metformin","Anaerostipes hadrus",-0.235711467811761,0.148578788194787
"Methionine","Anaerostipes hadrus",0.0162107479352926,0.921973069429223
"N,N-Dimethylaniline","Anaerostipes hadrus",0.185815698208291,0.257398489045228
"N-Acetyldihydrosphingosine","Anaerostipes hadrus",0.125633296498518,0.446012254262182
"Nicotinate","Anaerostipes hadrus",-0.193515803477555,0.237847320265844
"N-Methyl-2-pyrrolidone","Anaerostipes hadrus",0.219453000174023,0.179490845423988
"N-Methyltyramine","Anaerostipes hadrus",-0.357870371978662,0.0252963281551042
"n-Octadecylamine","Anaerostipes hadrus",0.155132296749998,0.345677699816848
"Norverapamil","Anaerostipes hadrus",-0.0782366580182742,0.635914897115871
"O-Benzyl-L-serine","Anaerostipes hadrus",-0.104356689833446,0.527234212218103
"Palmitoyl-L-carnitine","Anaerostipes hadrus",0.137993991799178,0.402169617358633
"Pantothenic acid","Anaerostipes hadrus",0.152988933639324,0.352464103045791
"Peimine","Anaerostipes hadrus",0.213171335349098,0.192582380830223
"Phenylethylamine","Anaerostipes hadrus",0.16109430760697,0.327224219988256
"Piperine","Anaerostipes hadrus",-0.128267543038003,0.436456251186611
"Promecarb","Anaerostipes hadrus",0.253103111325792,0.120032408718651
"Quinolin-2-ol","Anaerostipes hadrus",-0.14711253751278,0.371480909989709
"Quinoline-2,6-diol","Anaerostipes hadrus",0.0263424653948505,0.873524100651038
"Quinoline-2,8-diol","Anaerostipes hadrus",-0.22593729934814,0.166655500244274
"Roquefortine A","Anaerostipes hadrus",0.409524019715329,0.00962782905750381
"Sertraline","Anaerostipes hadrus",-0.188523533595339,0.250404863732723
"Solanidine","Anaerostipes hadrus",0.047619072059922,0.773447108559699
"Stearoyl ethanolamide","Anaerostipes hadrus",0.221884612364317,0.174597540913629
"TAG 39:3","Anaerostipes hadrus",-0.0143870387925722,0.930728575876718
"Theophylline","Anaerostipes hadrus",0.13313076741859,0.419115211578038
"Thr-Leu","Anaerostipes hadrus",-0.328672914388057,0.0410597174530438
"Tomatidine","Anaerostipes hadrus",-0.100709271548005,0.541848021316439
"trans-Zeatin","Anaerostipes hadrus",-0.0832827175175657,0.614222128302493
"Trihydroxycholestanoic acid","Anaerostipes hadrus",0.118541094276827,0.472298986388116
"Tryptamine","Anaerostipes hadrus",0.156433717575573,0.341596326519061
"Tryptophan","Anaerostipes hadrus",0.284498626264385,0.0791969202198417
"Tyramine","Anaerostipes hadrus",-0.021884509712645,0.894796171962215
"(15:3)-Anacardic acid","Lawsonibacter asaccharolyticus",-0.156838986273956,0.340331430237549
"(2-oxo-2,3-dihydro-1H-indol-3-yl)acetic acid","Lawsonibacter asaccharolyticus",0.0267490878262647,0.871587943796376
"[(1-Benzyl-1H-indazol-3-yl)oxyacetic acid","Lawsonibacter asaccharolyticus",-0.00790273961845514,0.961917422629657
"1,3,7-Trimethyluric acid","Lawsonibacter asaccharolyticus",-0.0396403228533627,0.810645379823785
"1,4-Butynediol","Lawsonibacter asaccharolyticus",0.268504101286369,0.0983798217612675
"1,5-Anhydrosorbitol","Lawsonibacter asaccharolyticus",0.00516769897730235,0.975092140038018
"1,7-Dimethyluric acid","Lawsonibacter asaccharolyticus",0.246606002965639,0.130170303687065
"10-Hydroxydecanoic acid","Lawsonibacter asaccharolyticus",0.0599797673605826,0.716818954611245
"12-Ketodeoxycholic acid","Lawsonibacter asaccharolyticus",0.233232135919022,0.153021894766787
"13-Hydroxy-9Z,11E-octadecadienoic acid","Lawsonibacter asaccharolyticus",0.270111587471813,0.096304757483699
"1-Methylpseudouridine","Lawsonibacter asaccharolyticus",0.0132745653942726,0.936073502326991
"1-Methylxanthine","Lawsonibacter asaccharolyticus",0.137183454402414,0.40496618030098
"1-Palmitoyl-2-hydroxy-sn-glycero-3-phospho-(1-rac-glycerol)","Lawsonibacter asaccharolyticus",0.134657339852673,0.413753111773516
"2,3-Dihydroxybenzoic acid A","Lawsonibacter asaccharolyticus",0.102735615039917,0.533705362243364
"2,6-Diaminopimelic acid","Lawsonibacter asaccharolyticus",0.237422188692983,0.14556863418331
"2,8-Quinolinediol","Lawsonibacter asaccharolyticus",0.236879554204463,0.146518555293949
"2-[4-(Acetylamino)phenyl-4-quinolinecarboxylic acid","Lawsonibacter asaccharolyticus",0.34670737146607,0.0305942852737959
"2-{[2-Hydroxy-1,1-bis(hydroxymethyl)ethylammonio}ethanesulfonate","Lawsonibacter asaccharolyticus",-0.124867001201105,0.448813360463791
"2-Amino-3-methoxybenzoic acid","Lawsonibacter asaccharolyticus",0.0740666030340889,0.654071624646785
"2-Aminonicotinic acid","Lawsonibacter asaccharolyticus",-0.0176291883796307,0.915169441148578
"2-Aminophenol","Lawsonibacter asaccharolyticus",0.0932118006279324,0.572482275057282
"2-Deoxycytidine","Lawsonibacter asaccharolyticus",0.14002033529109,0.395226989536058
"2-Deoxyribose","Lawsonibacter asaccharolyticus",0.132320230021826,0.421978082076635
"2-Deoxyuridine","Lawsonibacter asaccharolyticus",0.0680851413282289,0.680459451071428
"2-Dodecoxyethyl hydrogen sulfate","Lawsonibacter asaccharolyticus",0.192705266080791,0.239856587657951
"2-Hydroxybenzaldehyde","Lawsonibacter asaccharolyticus",0.144992214694639,0.378489534368307
"2-Hydroxycinnamic acid","Lawsonibacter asaccharolyticus",0.249442883854315,0.125668116550132
"2-Hydroxyisobutyric acid","Lawsonibacter asaccharolyticus",-0.0593718643130091,0.719572086232748
"2-Hydroxynicotinic acid","Lawsonibacter asaccharolyticus",-0.241134875537477,0.139190260534474
"2-Hydroxypalmitic acid","Lawsonibacter asaccharolyticus",0.0908861052278765,0.582142487379095
"2-Hydroxyphenylacetic acid","Lawsonibacter asaccharolyticus",0.117635193054141,0.475714522121124
"2-Hydroxyquinoline","Lawsonibacter asaccharolyticus",0.0520770277421274,0.752872932703803
"2-Ketogluconic acid","Lawsonibacter asaccharolyticus",0.320770174769602,0.0464815165073087
"2-Methylglutaric acid","Lawsonibacter asaccharolyticus",-0.00222897784110273,0.989255158270915
"2-Propanamidoacetic acid","Lawsonibacter asaccharolyticus",-0.0565378447236957,0.732452655966388
"3-(1-Pyrazolyl)-alanine","Lawsonibacter asaccharolyticus",0.00516796057334277,0.975090879560661
"3-(3-Hydroxyphenyl)propionic acid","Lawsonibacter asaccharolyticus",0.0705167535185228,0.669684646132924
"3-(Hydroxymethyl)phenol","Lawsonibacter asaccharolyticus",0.322018575487586,0.0455885455016705
"3,4-Dihydroxybenzoic acid","Lawsonibacter asaccharolyticus",0.17163129376491,0.29614236513792
"3,4-Dihydroxyphenylacetic acid","Lawsonibacter asaccharolyticus",0.374183262660588,0.0189399044470293
"3-[3-Tert-butylsulfanyl-1-[(4-chlorophenyl)methyl-5-propan-2-ylindol-2-yl-2,2-dimethylpropanoic acid","Lawsonibacter asaccharolyticus",0.13608962843136,0.408757777166066
"3-Carboxy-4-methyl-5-propyl-2-furanpropionic acid","Lawsonibacter asaccharolyticus",0.033537682085203,0.839380997028463
"3-Deoxyuridine","Lawsonibacter asaccharolyticus",0.170618122018955,0.299045758192666
"3-Hydroxyglutaric acid","Lawsonibacter asaccharolyticus",0.0279635401883797,0.865809690307603
"3-Hydroxyphenylacetic acid","Lawsonibacter asaccharolyticus",0.124822759101753,0.448975374214163
"3-Hydroxypropanoic acid","Lawsonibacter asaccharolyticus",0.0547112742816125,0.740793103511831
"3-Indoleacetic acid","Lawsonibacter asaccharolyticus",0.0624113795508765,0.705841980247542
"3-Indolepropionic acid","Lawsonibacter asaccharolyticus",0.214904603331467,0.18890476921512
"3-Isochromanone","Lawsonibacter asaccharolyticus",-0.0715299252644786,0.665214159520595
"3-Methyladipic acid","Lawsonibacter asaccharolyticus",-0.0676798726298466,0.682261419263458
"3-Methylglutaric acid","Lawsonibacter asaccharolyticus",-0.050253318599407,0.761270203620465
"3-Methylhistidine","Lawsonibacter asaccharolyticus",0.269301050075048,0.0973468230516801
"3-O-Methylguanosine","Lawsonibacter asaccharolyticus",-0.0405289209488858,0.806480617809296
"3-O-Methyluridine","Lawsonibacter asaccharolyticus",-0.264288696497452,0.10398396452183
"4,5,7-Trihydroxyisoflavone","Lawsonibacter asaccharolyticus",0.0857143297078596,0.603881699687881
"4,6-Dihydroxypyrimidine","Lawsonibacter asaccharolyticus",0.0160081135861014,0.922945474686168
"4-Acetylbutyric acid","Lawsonibacter asaccharolyticus",-0.037284720251173,0.821710440663373
"4-Hydroxybenzoic acid","Lawsonibacter asaccharolyticus",0.22066880626917,0.177032118080489
"4-Hydroxyhippuric acid","Lawsonibacter asaccharolyticus",0.494932181530297,0.00135939811809371
"4-Hydroxymandelonitrile","Lawsonibacter asaccharolyticus",-0.148763729470191,0.366076824957042
"4-Hydroxyquinoline","Lawsonibacter asaccharolyticus",-0.0391084293938934,0.813140775174445
"4-Isopropylbenzoic acid","Lawsonibacter asaccharolyticus",0.279258399636182,0.0851299381429638
"4-Pregnen-17.alpha., 20.alpha.-diol-3-one","Lawsonibacter asaccharolyticus",0.124442683780242,0.450368513058918
"4-Pyridoxic acid","Lawsonibacter asaccharolyticus",0.0589665956146268,0.721409449462554
"4-Thiouridine","Lawsonibacter asaccharolyticus",-0.0608977859874257,0.712668029832823
"5-(Acetylamino)-2-hydroxybenzoic acid","Lawsonibacter asaccharolyticus",0.162512748051308,0.322925967651063
"5-Aminosalicylic acid","Lawsonibacter asaccharolyticus",-0.384599994764817,0.015628253057993
"5-Hydroxytryptophan","Lawsonibacter asaccharolyticus",-0.228200925709175,0.162334504482701
"5-Methylcytidine","Lawsonibacter asaccharolyticus",0.188358160109947,0.250828295438778
"5-Methyluridine","Lawsonibacter asaccharolyticus",0.0302953684092922,0.854734571248996
"6,6-Dihydroxy-5,5-dimethoxybiphenyl-3,3-dicarboxylic acid","Lawsonibacter asaccharolyticus",0.153191567988515,0.351819076648833
"6,7-Dihydroxycoumarin","Lawsonibacter asaccharolyticus",0.47216192905452,0.00240691265372206
"6-Methyl-1,2,3-oxathiazin-4(3H)-one 2,2-dioxide","Lawsonibacter asaccharolyticus",0.000405350761499159,0.998045942067395
"8-(3-Octyl-2-oxiranyl)octanoic acid","Lawsonibacter asaccharolyticus",0.0353614835279029,0.830769922110195
"9,10-Dihydroxy-12Z-octadecenoic acid","Lawsonibacter asaccharolyticus",0.361416652561689,0.0237819447129646
"Abscisic acid","Lawsonibacter asaccharolyticus",-0.00830800831683745,0.959966003798121
"Acetylenedicarboxylic acid","Lawsonibacter asaccharolyticus",0.0336373019657321,0.838910156165783
"Aconitic acid","Lawsonibacter asaccharolyticus",0.10020775704612,0.54387244080805
"Adenine","Lawsonibacter asaccharolyticus",0.135157110910502,0.412006158867358
"Adipic acid","Lawsonibacter asaccharolyticus",-0.0575481551702887,0.727852308531378
"Ala-Ala","Lawsonibacter asaccharolyticus",0.0117527922530871,0.943389357441534
"Ala-Ile","Lawsonibacter asaccharolyticus",0.105167227230211,0.524013096372144
"Ala-Leu","Lawsonibacter asaccharolyticus",-0.0820669114224187,0.619420221945288
"Alanine","Lawsonibacter asaccharolyticus",0.119351631673592,0.469254016542096
"Ala-Val","Lawsonibacter asaccharolyticus",-0.010334351808749,0.950212582871025
"Albendazole","Lawsonibacter asaccharolyticus",-0.0772154109193567,0.640342644382488
"alpha-Hydroxyhippuric acid","Lawsonibacter asaccharolyticus",0.116335668550259,0.480636728895975
"Anacardic acid diene","Lawsonibacter asaccharolyticus",-0.0588682576782567,0.721855516276928
"Arabinose","Lawsonibacter asaccharolyticus",0.260182504361446,0.109673537821438
"Arabitol","Lawsonibacter asaccharolyticus",-0.0611955734557295,0.711323294399304
"Arachidonyl dopamine","Lawsonibacter asaccharolyticus",0.0271543770357535,0.86965886897947
"Arginine","Lawsonibacter asaccharolyticus",0.276190617947548,0.0887598366091957
"Asparagine","Lawsonibacter asaccharolyticus",0.143472380159056,0.383560951859853
"Aspartic acid","Lawsonibacter asaccharolyticus",0.0986829280560936,0.550049647170472
"Asp-Phe","Lawsonibacter asaccharolyticus",0.125633296498518,0.446012254262182
"Benzoic acid","Lawsonibacter asaccharolyticus",0.0640324543444057,0.698556306937445
"Benzylsuccinic acid","Lawsonibacter asaccharolyticus",0.322593883912323,0.045181722820447
"beta-Hydroxyisovaleric acid","Lawsonibacter asaccharolyticus",0.182370914272042,0.266481554823086
"beta-Hydroxymyristic acid","Lawsonibacter asaccharolyticus",-0.0867275014538154,0.599595439948504
"Butyrylglycine","Lawsonibacter asaccharolyticus",-0.0269503684424239,0.870629806380662
"Carboxyibuprofen","Lawsonibacter asaccharolyticus",-0.178327252175098,0.277410350766861
"Carnosine","Lawsonibacter asaccharolyticus",0.223505687157847,0.171388844719999
"Cellobiose B","Lawsonibacter asaccharolyticus",0.162715382400499,0.322314826499613
"Cerivastatin","Lawsonibacter asaccharolyticus",-0.0404357856856106,0.806916887952047
"Chenodeoxycholic acid 3-sulfate","Lawsonibacter asaccharolyticus",0.314010314107756,0.0515648981870793
"Cholesterol 3-sulfate","Lawsonibacter asaccharolyticus",0.109219914214034,0.508053990403176
"Cholic acid","Lawsonibacter asaccharolyticus",-0.0302953684092922,0.854734571248996
"Citraconic acid","Lawsonibacter asaccharolyticus",0.363323388099745,0.0229993723554638
"Citrulline","Lawsonibacter asaccharolyticus",0.225329396300567,0.167829904350272
"Coniferylaldehyde","Lawsonibacter asaccharolyticus",0.15908406655617,0.333376474523391
"Cordycepin","Lawsonibacter asaccharolyticus",-0.13498180357922,0.412618468614409
"Cortodoxone","Lawsonibacter asaccharolyticus",-0.168591778527043,0.304906991054438
"Creatinine","Lawsonibacter asaccharolyticus",0.154119022440723,0.34887595728429
"Cyclohexanesulfamic acid","Lawsonibacter asaccharolyticus",0.108718830445386,0.51001387419904
"Cysteic Acid","Lawsonibacter asaccharolyticus",-0.185005160811527,0.259516912632193
"Cytidine","Lawsonibacter asaccharolyticus",0.166768069384323,0.310244155058852
"Cytidine-5-monophosphate","Lawsonibacter asaccharolyticus",0.0744945177620227,0.652199161574484
"Daidzein","Lawsonibacter asaccharolyticus",0.00222897784110273,0.989255158270915
"Dehydrocholic acid","Lawsonibacter asaccharolyticus",-0.160689038908588,0.328458802518721
"Dehydroepiandrosterone sulfate","Lawsonibacter asaccharolyticus",0.205582951513223,0.209276762756564
"Dihydrocapsaicin","Lawsonibacter asaccharolyticus",0.0315112360377587,0.848970484280356
"Dihydroorotic acid","Lawsonibacter asaccharolyticus",-0.033434667616541,0.839867939956892
"Dodecanedioic acid","Lawsonibacter asaccharolyticus",0.0301925180294824,0.855222501494289
"E-4031","Lawsonibacter asaccharolyticus",0.0996960998020494,0.545941512645855
"Enterolactone","Lawsonibacter asaccharolyticus",0.0287740775851443,0.861957031714822
"Epicatechin","Lawsonibacter asaccharolyticus",0.420690199449435,0.00765894491589236
"Epitestosterone sulfate","Lawsonibacter asaccharolyticus",0.0338467885851798,0.837920224489979
"Ethyl sulfate","Lawsonibacter asaccharolyticus",0.0774063213910221,0.639513988146309
"Ethyl-beta-glucuronide","Lawsonibacter asaccharolyticus",-0.15188213125595,0.355999929596792
"Ethylmalonic acid","Lawsonibacter asaccharolyticus",0.158662695416676,0.334675074852517
"Ezetimibe","Lawsonibacter asaccharolyticus",0.292198731533649,0.0710696077993009
"FAHFA 36:2","Lawsonibacter asaccharolyticus",0.344478393624968,0.0317545436177933
"Ferulic acid","Lawsonibacter asaccharolyticus",0.222706420614128,0.172965552572892
"Flavin adenine dinucleotide","Lawsonibacter asaccharolyticus",0.0595865619403764,0.718599341792406
"Galactonic acid","Lawsonibacter asaccharolyticus",0.221681978015126,0.175001630586219
"gamma-Aminobutyric acid","Lawsonibacter asaccharolyticus",0.0156028448877191,0.924890615117041
"gamma-Glutamylleucine","Lawsonibacter asaccharolyticus",0.0417426759333784,0.800800393585292
"gamma-Glutamylmethionine","Lawsonibacter asaccharolyticus",-0.0271530027916151,0.869665408786257
"gamma-Glutamyltyrosine","Lawsonibacter asaccharolyticus",0.170525434892437,0.299312272965125
"Gentisinic acid","Lawsonibacter asaccharolyticus",0.249240249505124,0.125985790948318
"Ginkgolic acid I","Lawsonibacter asaccharolyticus",0.0929125512753208,0.573721162080953
"Ginkgolic acid II","Lawsonibacter asaccharolyticus",0.0830800831683745,0.615087196939538
"Glucose","Lawsonibacter asaccharolyticus",0.317122756484161,0.0491715980469956
"Glucuronic acid A","Lawsonibacter asaccharolyticus",0.279432767534606,0.084927130346381
"Glucuronic acid B","Lawsonibacter asaccharolyticus",0.38338418866967,0.0159876501236145
"Glutamic acid","Lawsonibacter asaccharolyticus",-0.0131712326974252,0.936570112543857
"Glutamine","Lawsonibacter asaccharolyticus",0.181965645573659,0.267563877760062
"Glutaric acid","Lawsonibacter asaccharolyticus",-0.0202634349191157,0.902550286272902
"Glu-Thr","Lawsonibacter asaccharolyticus",0.223314354428361,0.171765342932187
"Glu-Val-Phe","Lawsonibacter asaccharolyticus",0.0954407784690351,0.563292904381193
"Glyceraldehyde","Lawsonibacter asaccharolyticus",0.302735717691589,0.0610270240962989
"Glyceric acid","Lawsonibacter asaccharolyticus",0.253698205187329,0.11913436133572
"Glycocholic acid","Lawsonibacter asaccharolyticus",0.12948334913315,0.432084245795802
"Glycodeoxycholic acid","Lawsonibacter asaccharolyticus",0.0371008663974385,0.822575526049072
"Gly-Tyr","Lawsonibacter asaccharolyticus",-0.0771062721052553,0.640816560067514
"Gly-Tyr-Ala","Lawsonibacter asaccharolyticus",0.151165224496603,0.358301583147218
"Guanine","Lawsonibacter asaccharolyticus",0.154407374083662,0.347963987086053
"Guanosine","Lawsonibacter asaccharolyticus",0.0431611163777165,0.794175060944659
"Guanosine-3,5-cyclic monophosphate","Lawsonibacter asaccharolyticus",-0.0400223094370248,0.808854413560431
"Halometasone","Lawsonibacter asaccharolyticus",0.289275173272673,0.0740744354711134
"Histamine-trifluoromethyltoluide","Lawsonibacter asaccharolyticus",0.132320230021826,0.421978082076635
"Histidine","Lawsonibacter asaccharolyticus",0.0861195984062419,0.602165611863459
"Homogentisic acid","Lawsonibacter asaccharolyticus",0.157446889321529,0.338439489295635
"Homoserine","Lawsonibacter asaccharolyticus",-0.0842958892635215,0.609904519959676
"Homovanillic acid","Lawsonibacter asaccharolyticus",0.110435720309181,0.503314419313813
"Hypoxanthine","Lawsonibacter asaccharolyticus",0.300304105501295,0.0632380583194532
"Ile-Ile","Lawsonibacter asaccharolyticus",0.0459979972663927,0.780967455256545
"Indolelactic acid","Lawsonibacter asaccharolyticus",-0.121898030750655,0.45975597897009
"Indoxyl sulfate","Lawsonibacter asaccharolyticus",0.0174283181195295,0.916132575591978
"Inosine","Lawsonibacter asaccharolyticus",0.0253292936488947,0.878351514718874
"Isoleucine","Lawsonibacter asaccharolyticus",0.170820756368146,0.298463627586185
"Isomaltose A","Lawsonibacter asaccharolyticus",0.144304871093701,0.380778155744101
"Isorhamnetin","Lawsonibacter asaccharolyticus",0.206697496839318,0.206763817968655
"Isoxanthopterin","Lawsonibacter asaccharolyticus",0.13313076741859,0.419115211578038
"Kaempferol","Lawsonibacter asaccharolyticus",0.402229183144447,0.0111353459250214
"Ketoisovaleric acid","Lawsonibacter asaccharolyticus",-0.0196555318715423,0.905460417599626
"Kynurenic acid","Lawsonibacter asaccharolyticus",0.349544252354746,0.0291682928793218
"Lactose A","Lawsonibacter asaccharolyticus",0.140439819265511,0.393798489815799
"Lactulose","Lawsonibacter asaccharolyticus",0.295035612422325,0.0682462684161314
"Leu-Asp","Lawsonibacter asaccharolyticus",-0.0182370914272042,0.912255395412534
"Levocetirizine","Lawsonibacter asaccharolyticus",0.0863528287527121,0.601178967275863
"Liquiritigenin","Lawsonibacter asaccharolyticus",0.0226950471094096,0.890922680960815
"L-Kynurenine","Lawsonibacter asaccharolyticus",0.00526849307897009,0.974606477028655
"LPE 14:0","Lawsonibacter asaccharolyticus",0.102532980690726,0.53451695240365
"LPE 18:1","Lawsonibacter asaccharolyticus",0.0915907258344031,0.579208014629019
"LPG 15:0","Lawsonibacter asaccharolyticus",0.117551720834756,0.476029890972157
"LPI 16:0","Lawsonibacter asaccharolyticus",0.315704316039823,0.0502509749888562
"Lysine","Lawsonibacter asaccharolyticus",0.18034457078013,0.271922108384679
"Maleic acid","Lawsonibacter asaccharolyticus",0.249860797649881,0.125014833840025
"Malic acid","Lawsonibacter asaccharolyticus",0.179128764684983,0.27522118843528
"Maltotriose","Lawsonibacter asaccharolyticus",0.225532030649758,0.167437776194483
"Mannitol","Lawsonibacter asaccharolyticus",-0.0867275014538154,0.599595439948504
"Methioninesulfoxide","Lawsonibacter asaccharolyticus",0.0713272909152874,0.666107350467511
"Methyl-4-hydroxy-3-methoxybenzoate","Lawsonibacter asaccharolyticus",0.121485440544285,0.461287892603915
"Methylmalonic acid","Lawsonibacter asaccharolyticus",-0.0838906205651392,0.611630012489772
"Muramic acid","Lawsonibacter asaccharolyticus",0.057953423868671,0.726009586688584
"N-2-Fluorenylacetamide","Lawsonibacter asaccharolyticus",0.00222909065218872,0.989254614493863
"N-Acetylaspartic acid","Lawsonibacter asaccharolyticus",0.039918966790658,0.809338847230624
"N-Acetyl-D-glucosamine","Lawsonibacter asaccharolyticus",0.330496623530778,0.0398845009257283
"N-Acetylglucosamine","Lawsonibacter asaccharolyticus",0.299696202453722,0.0638006137936653
"N-Acetylglutamic acid","Lawsonibacter asaccharolyticus",-0.163931188495646,0.318663187017672
"N-Acetylglycine","Lawsonibacter asaccharolyticus",-0.0419453102825696,0.79985306426916
"N-Acetylhistidine","Lawsonibacter asaccharolyticus",0.0101317174595579,0.951187626404825
"N-Acetylleucine","Lawsonibacter asaccharolyticus",0.018034457078013,0.913226620179838
"N-Acetylmethionine","Lawsonibacter asaccharolyticus",-0.0131712326974252,0.936570112543857
"N-Acetylneuraminic acid","Lawsonibacter asaccharolyticus",0.218552206216867,0.181328151532228
"N-Acetylphenylalanine","Lawsonibacter asaccharolyticus",0.0526849307897009,0.750080007822669
"N-Acetylserine","Lawsonibacter asaccharolyticus",0.0739652807317167,0.654515295665703
"N-Acetylserotonin","Lawsonibacter asaccharolyticus",-0.133340149921834,0.418377443544606
"N-Acetyltryptophan","Lawsonibacter asaccharolyticus",0.267592200565019,0.0995720922741596
"Naringin","Lawsonibacter asaccharolyticus",0.204286441487432,0.212226570330706
"N-Carbobenzyloxyleucine","Lawsonibacter asaccharolyticus",-0.34101859356411,0.0336269349603264
"N-Cinnamoylglycine","Lawsonibacter asaccharolyticus",-0.0191499151483486,0.9078818167875
"N-epsilon-Acetyllysine","Lawsonibacter asaccharolyticus",-0.0964539502149909,0.559138591475958
"Nervonic acid","Lawsonibacter asaccharolyticus",0.149450395999017,0.36384339475455
"N-Formylmethionine","Lawsonibacter asaccharolyticus",0.0243161219029389,0.88318326950467
"Nicotinic acid","Lawsonibacter asaccharolyticus",0.123201684308224,0.454933614309923
"N-Isobutyrylglycine","Lawsonibacter asaccharolyticus",0.0968592189133732,0.557480869518579
"N-Isovalerylglycine","Lawsonibacter asaccharolyticus",-0.0670719695822731,0.684967628823232
"Nitazoxanide","Lawsonibacter asaccharolyticus",0.218585398138422,0.181260215015859
"Nizatidine","Lawsonibacter asaccharolyticus",0.317256186233993,0.0490710305573594
"N-Methylalanine","Lawsonibacter asaccharolyticus",-0.0409321385366138,0.804592507840637
"N-Methylanthranilic acid","Lawsonibacter asaccharolyticus",0.0910933604038198,0.581278658667152
"N-Methylglutamic acid","Lawsonibacter asaccharolyticus",-0.115704213388151,0.483038057728286
"N-Methylisoleucine","Lawsonibacter asaccharolyticus",0.034046016791639,0.836978997202104
"N-Methylphenylalanine","Lawsonibacter asaccharolyticus",0.0699088504709493,0.672372346194131
"N-Methylserine","Lawsonibacter asaccharolyticus",0.0625158605636564,0.705371617760937
"N-Methyltyrosine","Lawsonibacter asaccharolyticus",0.229451765453974,0.159981858337387
"N-Methylvaline","Lawsonibacter asaccharolyticus",0.238500628997992,0.143694179287038
"Norepinephrine","Lawsonibacter asaccharolyticus",-0.0694092901853355,0.674584045011621
"O-Acetylsalicylic acid","Lawsonibacter asaccharolyticus",-0.176697152494689,0.281897613991493
"Octadecanedioic acid","Lawsonibacter asaccharolyticus",-0.200314191789868,0.22144303413429
"Oleic acid","Lawsonibacter asaccharolyticus",0.218439828428068,0.18155829850385
"Olmesartan","Lawsonibacter asaccharolyticus",0.234447942014169,0.150831146241752
"Omeprazole","Lawsonibacter asaccharolyticus",0.114612927813887,0.487202733178357
"Orlistat","Lawsonibacter asaccharolyticus",0.0149949418401456,0.927809129754669
"Ornithine","Lawsonibacter asaccharolyticus",0.160283770210205,0.329696276971869
"Orotic acid","Lawsonibacter asaccharolyticus",0.0409321385366138,0.804592507840637
"O-Succinylhomoserine","Lawsonibacter asaccharolyticus",-0.0664640665346996,0.687677720547396
"Otenzepad","Lawsonibacter asaccharolyticus",0.099310936567294,0.547501524454254
"Oxaprozin","Lawsonibacter asaccharolyticus",0.320482442403315,0.0466893174229321
"Oxazepam","Lawsonibacter asaccharolyticus",0.209726551412848,0.200040588386545
"Palmitic acid","Lawsonibacter asaccharolyticus",-0.306195997768832,0.0579869553228298
"Pantoprazole","Lawsonibacter asaccharolyticus",0.339144599508576,0.0346783141050107
"PE-Cer 23:3;2O/18:2;O","Lawsonibacter asaccharolyticus",0.105369861579402,0.523209331649852
"Penciclovir","Lawsonibacter asaccharolyticus",0.034149072808167,0.836492210393599
"PG O-18:2_11:0","Lawsonibacter asaccharolyticus",0.137386088751605,0.404265996666478
"Phenylacetylglutamine","Lawsonibacter asaccharolyticus",0.359270701115922,0.0246890513546285
"Phenylalanine","Lawsonibacter asaccharolyticus",0.174468174653586,0.288109419125896
"Phenyl-beta-glucopyranoside","Lawsonibacter asaccharolyticus",0.0028368808886762,0.98632499254444
"Phloretin","Lawsonibacter asaccharolyticus",0.240843112738754,0.139683907976163
"Phlorobenzophenone","Lawsonibacter asaccharolyticus",0.115608747006697,0.483401644767732
"Phthalic acid","Lawsonibacter asaccharolyticus",0.162715382400499,0.322314826499613
"Piceid","Lawsonibacter asaccharolyticus",0.342452050133056,0.0328404762297216
"Pizotifen","Lawsonibacter asaccharolyticus",0.315906950389014,0.0500956230697454
"Proline","Lawsonibacter asaccharolyticus",0.025734562347277,0.876420018690798
"Proline-hydroxyproline","Lawsonibacter asaccharolyticus",-0.0663728269713631,0.688084808723768
"Propionic acid","Lawsonibacter asaccharolyticus",-0.105273872164731,0.523590005400207
"Pseudouridine","Lawsonibacter asaccharolyticus",0.14184404443381,0.389038436595205
"Purine","Lawsonibacter asaccharolyticus",0.306180501627839,0.0580002954609369
"Pyridoxamine","Lawsonibacter asaccharolyticus",-0.0341456158994363,0.836508538187485
"Pyridoxine","Lawsonibacter asaccharolyticus",0.0237082188553654,0.886084335149138
"Pyroglutamic acid","Lawsonibacter asaccharolyticus",-0.028368808886762,0.863882973126897
"Pyrrole-2-carboxylic acid","Lawsonibacter asaccharolyticus",0.103652715326776,0.530039678320562
"Pyruvic acid","Lawsonibacter asaccharolyticus",0.175278712050351,0.285840422511432
"Quinic acid","Lawsonibacter asaccharolyticus",0.378318329939891,0.0175610187946282
"Ribose A","Lawsonibacter asaccharolyticus",0.301925180294824,0.0617571081176518
"Riluzole","Lawsonibacter asaccharolyticus",0.0543142523002299,0.742609885294036
"S-Adenosyl-homocysteine","Lawsonibacter asaccharolyticus",0.259486416375242,0.110660981856858
"Salicylic acid","Lawsonibacter asaccharolyticus",0.213981872745862,0.190856369962044
"Serine","Lawsonibacter asaccharolyticus",0.200405371350055,0.221228443635159
"Ser-Val","Lawsonibacter asaccharolyticus",0.154812642782044,0.346684702271723
"Sodium lauryl sulfate","Lawsonibacter asaccharolyticus",-0.0147923074909545,0.928782176814885
"Sorbose","Lawsonibacter asaccharolyticus",0.203444886587922,0.214156609884132
"Stavudine","Lawsonibacter asaccharolyticus",-0.0662614321855085,0.688581941976238
"Sucrose","Lawsonibacter asaccharolyticus",0.00101317174595579,0.995115868729275
"Syringic acid","Lawsonibacter asaccharolyticus",-0.123809587355797,0.45269428600523
"Taurine","Lawsonibacter asaccharolyticus",-0.0751773435499194,0.649215614660502
"Taurocholic acid","Lawsonibacter asaccharolyticus",0.224518858903802,0.169405028786018
"Threonic acid","Lawsonibacter asaccharolyticus",0.300623271138361,0.0629442786237477
"Threonine","Lawsonibacter asaccharolyticus",0.162918016749691,0.321704409362711
"Thymidine","Lawsonibacter asaccharolyticus",0.0668693352330819,0.685870562858701
"Thymidine-5-monophosphate","Lawsonibacter asaccharolyticus",0.0555386782105909,0.737011344770716
"Tomelukast","Lawsonibacter asaccharolyticus",-0.298596825090916,0.0648280373368655
"Toradol","Lawsonibacter asaccharolyticus",-0.0362715485052172,0.826480262343481
"Torasemide","Lawsonibacter asaccharolyticus",0.158054792369103,0.336554036184914
"Tyrosine","Lawsonibacter asaccharolyticus",0.125228027800135,0.447492477438937
"Tyr-Tyr","Lawsonibacter asaccharolyticus",0.0356636454576437,0.829345116473146
"Uracil","Lawsonibacter asaccharolyticus",0.0812563740256541,0.622895801854531
"Valine","Lawsonibacter asaccharolyticus",0.0909828227868297,0.581739302118365
"Val-Val","Lawsonibacter asaccharolyticus",0.0741641718039636,0.653644500360858
"Valylphenylalanine","Lawsonibacter asaccharolyticus",-0.0539007368848479,0.744503603967986
"Vanillic acid","Lawsonibacter asaccharolyticus",0.205268595730642,0.209989353062347
"Vanillin","Lawsonibacter asaccharolyticus",-0.0431633008105634,0.794164868615375
"Vardenafil","Lawsonibacter asaccharolyticus",-0.305081452442738,0.0589526852319917
"Vincristine","Lawsonibacter asaccharolyticus",0.126393698621397,0.443242153029493
"Vitexin","Lawsonibacter asaccharolyticus",0.269673247392005,0.0968672406826336
"Willardiine","Lawsonibacter asaccharolyticus",0.359527923808239,0.0245788291389477
"Xanthine","Lawsonibacter asaccharolyticus",0.151165224496603,0.358301583147218
"Xanthosine","Lawsonibacter asaccharolyticus",0.10111965776747,0.540194138039249
"Xylose","Lawsonibacter asaccharolyticus",0.234042673315787,0.151558834173252
"Zeranol","Lawsonibacter asaccharolyticus",-0.218754850821611,0.180913665148073
"Riboflavin","Lawsonibacter asaccharolyticus",-0.165754897638367,0.313234638184482
"1-(Benzo[d[1,3dioxol-4-yl)-2-(ethylamino)propan-1-one","Lawsonibacter asaccharolyticus",0.234054518479816,0.15153752906146
"1,5-Pentanediamine","Lawsonibacter asaccharolyticus",-0.208419975979645,0.20292161467486
"1-Hexadecylpyridinium cation","Lawsonibacter asaccharolyticus",0.0672746039314642,0.684065126140481
"1-palmitoyl-2-hydroxy-sn-glycero-3-phosphoethanolamine","Lawsonibacter asaccharolyticus",0.117122653832489,0.477652694202002
"1-Stearoyl-2-hydroxy-sn-glycero-3-phosphocholine","Lawsonibacter asaccharolyticus",0.266666803535563,0.100793273414792
"2-Deoxyinosine","Lawsonibacter asaccharolyticus",0.0490375125042601,0.766883465978284
"3-(Hydroxymethyl)-6,7-dimethylquinolin-2-ol","Lawsonibacter asaccharolyticus",0.264235191345269,0.104056626541635
"4-Hydroxyquinoline-2-carbaldehyde","Lawsonibacter asaccharolyticus",0.153191567988515,0.351819076648833
"4-Methyl-5-thiazoleethanol","Lawsonibacter asaccharolyticus",-0.0490399943481519,0.766871995475258
"alpha-Chaconine","Lawsonibacter asaccharolyticus",-0.065889516826052,0.690242661230148
"Arg-Leu","Lawsonibacter asaccharolyticus",-0.0393110637430845,0.812189893669369
"Benzyldimethyltetradecylammonium cation","Lawsonibacter asaccharolyticus",0.152786299290133,0.353109846486452
"Cholic Acid","Lawsonibacter asaccharolyticus",0.12259378126065,0.457178911002385
"Choline cation","Lawsonibacter asaccharolyticus",0.205876498778216,0.208612859532538
"Citalopram","Lawsonibacter asaccharolyticus",-0.0757852465974929,0.646563966773977
"Cyclohexylamine","Lawsonibacter asaccharolyticus",-0.0869301358030065,0.598739775661017
"D-erythro-N-stearoylsphingosine","Lawsonibacter asaccharolyticus",0.107396205071313,0.515205199211524
"Desloratadine","Lawsonibacter asaccharolyticus",0.0241159285607443,0.884138478284276
"Deuteroporphyrin IX","Lawsonibacter asaccharolyticus",0.111043623356754,0.500953060050107
"Ethylhexadecyldimethylammonium cation","Lawsonibacter asaccharolyticus",-0.22007204075245,0.178235934859273
"Eutylone","Lawsonibacter asaccharolyticus",0.194123706525129,0.23634786944432
"Gln-Ile","Lawsonibacter asaccharolyticus",0.214995044491818,0.188714245628682
"Gly-Ile","Lawsonibacter asaccharolyticus",0.0251266592997035,0.879317523857726
"Gly-Val","Lawsonibacter asaccharolyticus",0.179534033383365,0.274118597764762
"Guanidine","Lawsonibacter asaccharolyticus",0.0283047593509106,0.864187424313186
"Hematoporphyrin","Lawsonibacter asaccharolyticus",0.0926642476388126,0.574750058493324
"Heptadecasphinganine","Lawsonibacter asaccharolyticus",0.0305977867278648,0.853300184278066
"Histamine","Lawsonibacter asaccharolyticus",0.171336013311415,0.296986660801949
"Indole-6-carboxaldehyde","Lawsonibacter asaccharolyticus",0.0259371966964681,0.87545453451939
"Lidocaine-N-Oxide","Lawsonibacter asaccharolyticus",-0.200810640048437,0.220276375613737
"L-Isoleucine","Lawsonibacter asaccharolyticus",0.0709220222169051,0.667895094074544
"Lithocholic acid","Lawsonibacter asaccharolyticus",-0.069503581772567,0.674166381589878
"L-Phenylalanine","Lawsonibacter asaccharolyticus",0.16453909154322,0.316847147297527
"L-Tyrosine","Lawsonibacter asaccharolyticus",0.325228130451808,0.0433562562663576
"L-Valine","Lawsonibacter asaccharolyticus",0.13130705827587,0.425572077980617
"Maltose","Lawsonibacter asaccharolyticus",0.0510638559961717,0.75753469065954
"Mesoporphyrin IX","Lawsonibacter asaccharolyticus",0.0662614321855085,0.688581941976238
"Metformin","Lawsonibacter asaccharolyticus",-0.447912591456571,0.00424447181127485
"Methionine","Lawsonibacter asaccharolyticus",0.291185559787693,0.0720998995833155
"N,N-Dimethylaniline","Lawsonibacter asaccharolyticus",0.311448994706809,0.0536037386308204
"N-Acetyldihydrosphingosine","Lawsonibacter asaccharolyticus",-0.110030451610798,0.504891784215657
"Nicotinate","Lawsonibacter asaccharolyticus",0.135765013958075,0.409886894404435
"N-Methyl-2-pyrrolidone","Lawsonibacter asaccharolyticus",-0.217831925380494,0.182806872207191
"N-Methyltyramine","Lawsonibacter asaccharolyticus",0.184102623410314,0.261889371533611
"n-Octadecylamine","Lawsonibacter asaccharolyticus",-0.25260928530225,0.120781484842702
"Norverapamil","Lawsonibacter asaccharolyticus",-0.191233903731196,0.243533237826454
"O-Benzyl-L-serine","Lawsonibacter asaccharolyticus",-0.0790273961845514,0.632495089693587
"Palmitoyl-L-carnitine","Lawsonibacter asaccharolyticus",-0.0611955734557295,0.711323294399304
"Pantothenic acid","Lawsonibacter asaccharolyticus",-0.00121580609514694,0.994139057917053
"Peimine","Lawsonibacter asaccharolyticus",0.2818643797249,0.0821377838880633
"Phenylethylamine","Lawsonibacter asaccharolyticus",-0.150759955798221,0.359606673246508
"Piperine","Lawsonibacter asaccharolyticus",0.037284720251173,0.821710440663373
"Promecarb","Lawsonibacter asaccharolyticus",-0.069405777124967,0.674599607927651
"Quinolin-2-ol","Lawsonibacter asaccharolyticus",0.0589665956146268,0.721409449462554
"Quinoline-2,6-diol","Lawsonibacter asaccharolyticus",0.0488348781550689,0.767820159670924
"Quinoline-2,8-diol","Lawsonibacter asaccharolyticus",0.329888720483204,0.0402731608618145
"Roquefortine A","Lawsonibacter asaccharolyticus",-0.232624232871449,0.154125930198693
"Sertraline","Lawsonibacter asaccharolyticus",-0.0863406099239156,0.601230639749599
"Solanidine","Lawsonibacter asaccharolyticus",-0.0824721801208011,0.617685479452569
"Stearoyl ethanolamide","Lawsonibacter asaccharolyticus",0.0569402521227152,0.730619219217537
"TAG 39:3","Lawsonibacter asaccharolyticus",-0.130091252180723,0.429907398708556
"Theophylline","Lawsonibacter asaccharolyticus",0.340020437942762,0.0341836353827381
"Thr-Leu","Lawsonibacter asaccharolyticus",0.263019385250122,0.105718181024356
"Tomatidine","Lawsonibacter asaccharolyticus",-0.229584717633581,0.159733255697624
"trans-Zeatin","Lawsonibacter asaccharolyticus",0.284498626264385,0.0791969202198417
"Trihydroxycholestanoic acid","Lawsonibacter asaccharolyticus",-0.0143870387925722,0.930728575876718
"Tryptamine","Lawsonibacter asaccharolyticus",-0.0243161219029389,0.88318326950467
"Tryptophan","Lawsonibacter asaccharolyticus",0.0842958892635215,0.609904519959676
"Tyramine","Lawsonibacter asaccharolyticus",-0.0453900942188193,0.783792697312143
"(15:3)-Anacardic acid","Paraprevotella xylaniphila",-0.10379748841939,0.529462137904905
"(2-oxo-2,3-dihydro-1H-indol-3-yl)acetic acid","Paraprevotella xylaniphila",0.237201233716952,0.145954884812594
"[(1-Benzyl-1H-indazol-3-yl)oxyacetic acid","Paraprevotella xylaniphila",-0.321728693140605,0.0457946506206692
"1,3,7-Trimethyluric acid","Paraprevotella xylaniphila",0.173412317729641,0.291082573233781
"1,4-Butynediol","Paraprevotella xylaniphila",0.027909227728623,0.866067959459942
"1,5-Anhydrosorbitol","Paraprevotella xylaniphila",-0.154188605970482,0.348655752208491
"1,7-Dimethyluric acid","Paraprevotella xylaniphila",-0.0364488035854253,0.825645330537553
"10-Hydroxydecanoic acid","Paraprevotella xylaniphila",0.0946580869233433,0.566511914912785
"12-Ketodeoxycholic acid","Paraprevotella xylaniphila",-0.175715874001379,0.284621462928909
"13-Hydroxy-9Z,11E-octadecadienoic acid","Paraprevotella xylaniphila",0.0187140125871437,0.909970014571094
"1-Methylpseudouridine","Paraprevotella xylaniphila",0.0593063120038855,0.719869175194874
"1-Methylxanthine","Paraprevotella xylaniphila",0.17266940683603,0.29318632473115
"1-Palmitoyl-2-hydroxy-sn-glycero-3-phospho-(1-rac-glycerol)","Paraprevotella xylaniphila",0.119688695912223,0.46799082893359
"2,3-Dihydroxybenzoic acid A","Paraprevotella xylaniphila",0.0998806020639415,0.545194979567455
"2,6-Diaminopimelic acid","Paraprevotella xylaniphila",0.0158875624817748,0.923524029914409
"2,8-Quinolinediol","Paraprevotella xylaniphila",0.119900243436235,0.467198953287928
"2-[4-(Acetylamino)phenyl-4-quinolinecarboxylic acid","Paraprevotella xylaniphila",-0.0155587430230323,0.925102313998599
"2-{[2-Hydroxy-1,1-bis(hydroxymethyl)ethylammonio}ethanesulfonate","Paraprevotella xylaniphila",-0.0628556559104428,0.70384264216019
"2-Amino-3-methoxybenzoic acid","Paraprevotella xylaniphila",0.163157454109435,0.320984059905336
"2-Aminonicotinic acid","Paraprevotella xylaniphila",0.160157130978346,0.33008355852424
"2-Aminophenol","Paraprevotella xylaniphila",0.0273094020893784,0.86892118465848
"2-Deoxycytidine","Paraprevotella xylaniphila",0.377653126104511,0.017776968086602
"2-Deoxyribose","Paraprevotella xylaniphila",0.149929705494675,0.362289260813577
"2-Deoxyuridine","Paraprevotella xylaniphila",0.246328630798217,0.130616855760759
"2-Dodecoxyethyl hydrogen sulfate","Paraprevotella xylaniphila",0.000652814392574781,0.996853009011065
"2-Hydroxybenzaldehyde","Paraprevotella xylaniphila",0.245144210809308,0.132536524915722
"2-Hydroxycinnamic acid","Paraprevotella xylaniphila",0.154281801445173,0.348360957090366
"2-Hydroxyisobutyric acid","Paraprevotella xylaniphila",0.136329405649367,0.407924893362698
"2-Hydroxynicotinic acid","Paraprevotella xylaniphila",0.0814929966730852,0.621880327929868
"2-Hydroxypalmitic acid","Paraprevotella xylaniphila",-0.217615810749497,0.18325221739761
"2-Hydroxyphenylacetic acid","Paraprevotella xylaniphila",0.386648891749169,0.0150380078172492
"2-Hydroxyquinoline","Paraprevotella xylaniphila",0.204766114470956,0.211131885187105
"2-Ketogluconic acid","Paraprevotella xylaniphila",0.0895443741815075,0.587748606859828
"2-Methylglutaric acid","Paraprevotella xylaniphila",-0.175824676400141,0.284318608839999
"2-Propanamidoacetic acid","Paraprevotella xylaniphila",0.0409661763735928,0.804433171836084
"3-(1-Pyrazolyl)-alanine","Paraprevotella xylaniphila",-0.109580653555803,0.506645383686784
"3-(3-Hydroxyphenyl)propionic acid","Paraprevotella xylaniphila",0.238603660486083,0.143516031698427
"3-(Hydroxymethyl)phenol","Paraprevotella xylaniphila",0.000870507302585646,0.995803595372758
"3,4-Dihydroxybenzoic acid","Paraprevotella xylaniphila",-0.0708303615943638,0.668299683535652
"3,4-Dihydroxyphenylacetic acid","Paraprevotella xylaniphila",-0.110603235813432,0.50266315429599
"3-[3-Tert-butylsulfanyl-1-[(4-chlorophenyl)methyl-5-propan-2-ylindol-2-yl-2,2-dimethylpropanoic acid","Paraprevotella xylaniphila",0.125250578195362,0.447410042992022
"3-Carboxy-4-methyl-5-propyl-2-furanpropionic acid","Paraprevotella xylaniphila",-0.0142538356040921,0.931368403089119
"3-Deoxyuridine","Paraprevotella xylaniphila",0.0329671268250265,0.842078712009462
"3-Hydroxyglutaric acid","Paraprevotella xylaniphila",-0.160701142972159,0.328421887635796
"3-Hydroxyphenylacetic acid","Paraprevotella xylaniphila",0.0361223963891379,0.827182965421064
"3-Hydroxypropanoic acid","Paraprevotella xylaniphila",0.247416654785842,0.128871715498618
"3-Indoleacetic acid","Paraprevotella xylaniphila",0.343706777690622,0.0321645255441283
"3-Indolepropionic acid","Paraprevotella xylaniphila",-0.028779690971621,0.861930360951902
"3-Isochromanone","Paraprevotella xylaniphila",0.266892284164323,0.100494673689862
"3-Methyladipic acid","Paraprevotella xylaniphila",0.000870419190099708,0.995804020127811
"3-Methylglutaric acid","Paraprevotella xylaniphila",-0.086606709414921,0.600105761037858
"3-Methylhistidine","Paraprevotella xylaniphila",0.0833426374520471,0.613966421916285
"3-O-Methylguanosine","Paraprevotella xylaniphila",0.0521189866745045,0.752680058171191
"3-O-Methyluridine","Paraprevotella xylaniphila",0.320923244746747,0.0463712735367807
"4,5,7-Trihydroxyisoflavone","Paraprevotella xylaniphila",0.062670181687179,0.704677077859184
"4,6-Dihydroxypyrimidine","Paraprevotella xylaniphila",-0.0661518584475778,0.689071074113932
"4-Acetylbutyric acid","Paraprevotella xylaniphila",-0.013382695047783,0.93555386378334
"4-Hydroxybenzoic acid","Paraprevotella xylaniphila",0.302688273357174,0.0610695694197483
"4-Hydroxyhippuric acid","Paraprevotella xylaniphila",-0.246319573118312,0.130631457251278
"4-Hydroxymandelonitrile","Paraprevotella xylaniphila",0.0587651923239211,0.722323124290666
"4-Hydroxyquinoline","Paraprevotella xylaniphila",0.100751021254041,0.541679656650312
"4-Isopropylbenzoic acid","Paraprevotella xylaniphila",0.1069091780988,0.517123392080919
"4-Pregnen-17.alpha., 20.alpha.-diol-3-one","Paraprevotella xylaniphila",-0.361732406082803,0.0236508428790829
"4-Pyridoxic acid","Paraprevotella xylaniphila",-0.0217604797524927,0.895389115357673
"4-Thiouridine","Paraprevotella xylaniphila",0.327038712240145,0.0421365599292434
"5-(Acetylamino)-2-hydroxybenzoic acid","Paraprevotella xylaniphila",0.00130562878514956,0.993706064961742
"5-Aminosalicylic acid","Paraprevotella xylaniphila",-0.101295033247854,0.539488102657635
"5-Hydroxytryptophan","Paraprevotella xylaniphila",-0.197343113429443,0.228513812228906
"5-Methylcytidine","Paraprevotella xylaniphila",-0.0472226309326408,0.775284389102295
"5-Methyluridine","Paraprevotella xylaniphila",0.00446112412036469,0.97849691614733
"6,6-Dihydroxy-5,5-dimethoxybiphenyl-3,3-dicarboxylic acid","Paraprevotella xylaniphila",-0.258840906655901,0.111582678605403
"6,7-Dihydroxycoumarin","Paraprevotella xylaniphila",-0.102714662673763,0.533789252883236
"6-Methyl-1,2,3-oxathiazin-4(3H)-one 2,2-dioxide","Paraprevotella xylaniphila",0.34138223762989,0.0334259765863849
"8-(3-Octyl-2-oxiranyl)octanoic acid","Paraprevotella xylaniphila",-0.239812623445946,0.141437781458195
"9,10-Dihydroxy-12Z-octadecenoic acid","Paraprevotella xylaniphila",-0.074859838897827,0.650602255635527
"Abscisic acid","Paraprevotella xylaniphila",-0.226091384628399,0.166358767043622
"Acetylenedicarboxylic acid","Paraprevotella xylaniphila",0.0995541948676542,0.546516018812798
"Aconitic acid","Paraprevotella xylaniphila",0.157989078604135,0.336757539067112
"Adenine","Paraprevotella xylaniphila",0.351758155199045,0.0280939321571143
"Adipic acid","Paraprevotella xylaniphila",-0.0518987442096951,0.753692621540516
"Ala-Ala","Paraprevotella xylaniphila",0.104994314805777,0.52469944635666
"Ala-Ile","Paraprevotella xylaniphila",0.0120770662626335,0.941830020753728
"Ala-Leu","Paraprevotella xylaniphila",0.026982994893091,0.87047451482819
"Alanine","Paraprevotella xylaniphila",0.0188228149859062,0.909448738643198
"Ala-Val","Paraprevotella xylaniphila",0.0355783843953256,0.829747099729905
"Albendazole","Paraprevotella xylaniphila",0.141682235282677,0.389585220352912
"alpha-Hydroxyhippuric acid","Paraprevotella xylaniphila",-0.18864714980281,0.250088662463732
"Anacardic acid diene","Paraprevotella xylaniphila",-0.0465697835003924,0.778312593815574
"Arabinose","Paraprevotella xylaniphila",0.280601386408393,0.0835775593368242
"Arabitol","Paraprevotella xylaniphila",-0.157763478205572,0.337456757267417
"Arachidonyl dopamine","Paraprevotella xylaniphila",0.100048868992081,0.544514561788747
"Arginine","Paraprevotella xylaniphila",0.220107252696464,0.178164742343126
"Asparagine","Paraprevotella xylaniphila",-0.0137097960772183,0.933982075888019
"Aspartic acid","Paraprevotella xylaniphila",0.0811665894767978,0.623281295394444
"Asp-Phe","Paraprevotella xylaniphila",0.0591885049267802,0.72040318940981
"Benzoic acid","Paraprevotella xylaniphila",0.0270917972918534,0.869956684575226
"Benzylsuccinic acid","Paraprevotella xylaniphila",-0.109237608357513,0.507984852804366
"beta-Hydroxyisovaleric acid","Paraprevotella xylaniphila",0.219780845500176,0.178825459839915
"beta-Hydroxymyristic acid","Paraprevotella xylaniphila",-0.224132941450675,0.170158708941308
"Butyrylglycine","Paraprevotella xylaniphila",0.111631261130288,0.498675782645682
"Carboxyibuprofen","Paraprevotella xylaniphila",-0.336923678992909,0.035959022127799
"Carnosine","Paraprevotella xylaniphila",0.0467850314678593,0.777313816294044
"Cellobiose B","Paraprevotella xylaniphila",-0.0207812581636305,0.900072370007678
"Cerivastatin","Paraprevotella xylaniphila",-0.0467968742807228,0.777258874383422
"Chenodeoxycholic acid 3-sulfate","Paraprevotella xylaniphila",-0.166151535970735,0.312061758601512
"Cholesterol 3-sulfate","Paraprevotella xylaniphila",-0.457405284397397,0.00341573954447361
"Cholic acid","Paraprevotella xylaniphila",-0.0976006911211494,0.554453883455742
"Citraconic acid","Paraprevotella xylaniphila",0.0364488035854253,0.825645330537553
"Citrulline","Paraprevotella xylaniphila",0.0513547322158828,0.756195451104652
"Coniferylaldehyde","Paraprevotella xylaniphila",-0.0961910569357138,0.560215162646085
"Cordycepin","Paraprevotella xylaniphila",-0.00946772542996506,0.954383131643336
"Cortodoxone","Paraprevotella xylaniphila",-0.429334265516681,0.00638239386534689
"Creatinine","Paraprevotella xylaniphila",0.281881145918514,0.0821188014533938
"Cyclohexanesulfamic acid","Paraprevotella xylaniphila",0.264185594249889,0.104124015803629
"Cysteic Acid","Paraprevotella xylaniphila",0.0557068281663813,0.736243535934784
"Cytidine","Paraprevotella xylaniphila",0.285606296751467,0.0779851168810766
"Cytidine-5-monophosphate","Paraprevotella xylaniphila",0.0325434478220301,0.844083114993177
"Daidzein","Paraprevotella xylaniphila",0.326298393888628,0.0426318673587134
"Dehydrocholic acid","Paraprevotella xylaniphila",-0.139702280011003,0.396312085453586
"Dehydroepiandrosterone sulfate","Paraprevotella xylaniphila",-0.0683857685280294,0.679123884499106
"Dihydrocapsaicin","Paraprevotella xylaniphila",0.105978899835005,0.520797192486594
"Dihydroorotic acid","Paraprevotella xylaniphila",-0.0858450926235838,0.603327761189878
"Dodecanedioic acid","Paraprevotella xylaniphila",0.247199049988317,0.129219346573972
"E-4031","Paraprevotella xylaniphila",0.249810307558616,0.125093624851942
"Enterolactone","Paraprevotella xylaniphila",0.210532641605367,0.1982774926786
"Epicatechin","Paraprevotella xylaniphila",-0.287905717621585,0.0755157638194031
"Epitestosterone sulfate","Paraprevotella xylaniphila",-0.327235061700057,0.0420059791173242
"Ethyl sulfate","Paraprevotella xylaniphila",0.194538688987285,0.235327964257184
"Ethyl-beta-glucuronide","Paraprevotella xylaniphila",-0.0804634460246265,0.626303686311656
"Ethylmalonic acid","Paraprevotella xylaniphila",-0.0495050914369209,0.76472329246819
"Ezetimibe","Paraprevotella xylaniphila",-0.110978446737713,0.501205964622586
"FAHFA 36:2","Paraprevotella xylaniphila",-0.261234559428675,0.10819382258364
"Ferulic acid","Paraprevotella xylaniphila",0.0825852001794341,0.617202063738917
"Flavin adenine dinucleotide","Paraprevotella xylaniphila",-0.339695458961333,0.0343665064934546
"Galactonic acid","Paraprevotella xylaniphila",0.0878035358013081,0.595057761533718
"gamma-Aminobutyric acid","Paraprevotella xylaniphila",0.0808401822805104,0.624683571155919
"gamma-Glutamylleucine","Paraprevotella xylaniphila",-0.049287486639396,0.765728390243618
"gamma-Glutamylmethionine","Paraprevotella xylaniphila",-0.237733241295983,0.145026156530115
"gamma-Glutamyltyrosine","Paraprevotella xylaniphila",-0.0583210372808652,0.724339394009287
"Gentisinic acid","Paraprevotella xylaniphila",-0.0145795214341701,0.929804082107065
"Ginkgolic acid I","Paraprevotella xylaniphila",-0.247646792632928,0.128504820893115
"Ginkgolic acid II","Paraprevotella xylaniphila",-0.0550540137738066,0.739225833094749
"Glucose","Paraprevotella xylaniphila",0.144815992752839,0.379075518268351
"Glucuronic acid A","Paraprevotella xylaniphila",0.255794439490552,0.116011148654824
"Glucuronic acid B","Paraprevotella xylaniphila",0.212817491979379,0.193339316105732
"Glutamic acid","Paraprevotella xylaniphila",0.103035871628053,0.53250387466055
"Glutamine","Paraprevotella xylaniphila",0.125557968171883,0.446287184642323
"Glutaric acid","Paraprevotella xylaniphila",0.0987925780763169,0.549604342721901
"Glu-Thr","Paraprevotella xylaniphila",-0.0485283257971378,0.769237840597519
"Glu-Val-Phe","Paraprevotella xylaniphila",0.109890422750088,0.505437376976714
"Glyceraldehyde","Paraprevotella xylaniphila",0.173431023627367,0.291029728403726
"Glyceric acid","Paraprevotella xylaniphila",0.225764977432112,0.166987804678788
"Glycocholic acid","Paraprevotella xylaniphila",0.0628877864847039,0.70369812363523
"Glycodeoxycholic acid","Paraprevotella xylaniphila",-0.0837114194520885,0.612393648384032
"Gly-Tyr","Paraprevotella xylaniphila",0.150046101511778,0.361912455866302
"Gly-Tyr-Ala","Paraprevotella xylaniphila",0.0465674266703344,0.778323531748868
"Guanine","Paraprevotella xylaniphila",0.162006771757308,0.324455142467082
"Guanosine","Paraprevotella xylaniphila",0.169187730075631,0.303175656105314
"Guanosine-3,5-cyclic monophosphate","Paraprevotella xylaniphila",0.0588650768077389,0.721869946412701
"Halometasone","Paraprevotella xylaniphila",-0.234916267704082,0.149993418569937
"Histamine-trifluoromethyltoluide","Paraprevotella xylaniphila",-0.0757264695386746,0.646820162669403
"Histidine","Paraprevotella xylaniphila",0.249157493166042,0.126115702234913
"Homogentisic acid","Paraprevotella xylaniphila",0.0317703004386394,0.8477433221613
"Homoserine","Paraprevotella xylaniphila",-0.115112937890686,0.485292239510136
"Homovanillic acid","Paraprevotella xylaniphila",-0.0453706002839473,0.783883341227691
"Hypoxanthine","Paraprevotella xylaniphila",0.228049827806124,0.162620382658462
"Ile-Ile","Paraprevotella xylaniphila",0.10336227882434,0.53119923544438
"Indolelactic acid","Paraprevotella xylaniphila",0.192922263514165,0.23931754482042
"Indoxyl sulfate","Paraprevotella xylaniphila",0.278018269763291,0.0865831855482058
"Inosine","Paraprevotella xylaniphila",0.295289710241326,0.0679977610818563
"Isoleucine","Paraprevotella xylaniphila",-0.0881299429975955,0.593684267740124
"Isomaltose A","Paraprevotella xylaniphila",-0.151483606879441,0.35727830012145
"Isorhamnetin","Paraprevotella xylaniphila",-0.0823675843686846,0.618133003753213
"Isoxanthopterin","Paraprevotella xylaniphila",-0.00881299429975955,0.957534757013404
"Kaempferol","Paraprevotella xylaniphila",-0.16298599334617,0.321499798381462
"Ketoisovaleric acid","Paraprevotella xylaniphila",0.0410185043334488,0.804188232332863
"Kynurenic acid","Paraprevotella xylaniphila",-0.0101186230849091,0.951250636831448
"Lactose A","Paraprevotella xylaniphila",-0.00821541266815203,0.960411843416858
"Lactulose","Paraprevotella xylaniphila",-0.268306715348235,0.098636963815995
"Leu-Asp","Paraprevotella xylaniphila",0.0466762290690969,0.777818629055018
"Levocetirizine","Paraprevotella xylaniphila",-0.24902812246423,0.126318989330643
"Liquiritigenin","Paraprevotella xylaniphila",0.122076291411484,0.459094957520752
"L-Kynurenine","Paraprevotella xylaniphila",-0.17136377805088,0.296907207393819
"LPE 14:0","Paraprevotella xylaniphila",0.200196413722933,0.221720435648829
"LPE 18:1","Paraprevotella xylaniphila",0.139811082409766,0.39594069495542
"LPG 15:0","Paraprevotella xylaniphila",-0.0574592991611673,0.728256531279131
"LPI 16:0","Paraprevotella xylaniphila",-0.17049335886078,0.299404540529231
"Lysine","Paraprevotella xylaniphila",0.032858324426264,0.842593357310472
"Maleic acid","Paraprevotella xylaniphila",0.165877651743804,0.312871351194848
"Malic acid","Paraprevotella xylaniphila",0.0424329355173608,0.797574542646387
"Maltotriose","Paraprevotella xylaniphila",-0.149603298298387,0.363347184084239
"Mannitol","Paraprevotella xylaniphila",0.221195276684088,0.175974934137587
"Methioninesulfoxide","Paraprevotella xylaniphila",0.034272755610176,0.835908071885757
"Methyl-4-hydroxy-3-methoxybenzoate","Paraprevotella xylaniphila",0.0434143542445247,0.792993705121267
"Methylmalonic acid","Paraprevotella xylaniphila",-0.0798609606916482,0.62889820699417
"Muramic acid","Paraprevotella xylaniphila",0.0956373085122055,0.562485956920076
"N-2-Fluorenylacetamide","Paraprevotella xylaniphila",-0.192045952986431,0.241499417421716
"N-Acetylaspartic acid","Paraprevotella xylaniphila",0.0470026362653843,0.776304461348535
"N-Acetyl-D-glucosamine","Paraprevotella xylaniphila",0.0115330542688211,0.944446130262621
"N-Acetylglucosamine","Paraprevotella xylaniphila",0.080513775084223,0.626087151097985
"N-Acetylglutamic acid","Paraprevotella xylaniphila",-0.0059841319319355,0.97115853579183
"N-Acetylglycine","Paraprevotella xylaniphila",-0.0352519771990382,0.831286417053463
"N-Acetylhistidine","Paraprevotella xylaniphila",0.112284075522862,0.49615212716581
"N-Acetylleucine","Paraprevotella xylaniphila",0.022304491746305,0.892788806670142
"N-Acetylmethionine","Paraprevotella xylaniphila",-0.118594614651085,0.472097603604984
"N-Acetylneuraminic acid","Paraprevotella xylaniphila",-0.123823396316464,0.452643487472087
"N-Acetylphenylalanine","Paraprevotella xylaniphila",0.136220603250604,0.408302706275147
"N-Acetylserine","Paraprevotella xylaniphila",0.131603161550758,0.424519951370189
"N-Acetylserotonin","Paraprevotella xylaniphila",0.153092722862271,0.352133631224421
"N-Acetyltryptophan","Paraprevotella xylaniphila",-0.0896577140287928,0.587274117415695
"Naringin","Paraprevotella xylaniphila",-0.221936189599861,0.174494793257686
"N-Carbobenzyloxyleucine","Paraprevotella xylaniphila",-0.0934305036511641,0.571577619562111
"N-Cinnamoylglycine","Paraprevotella xylaniphila",-0.0835644713278069,0.61302014491489
"N-epsilon-Acetyllysine","Paraprevotella xylaniphila",0.211838270390517,0.195444963282237
"Nervonic acid","Paraprevotella xylaniphila",0.0263315131006891,0.873576260746928
"N-Formylmethionine","Paraprevotella xylaniphila",0.120770662626335,0.463948263607672
"Nicotinic acid","Paraprevotella xylaniphila",0.203895695280857,0.213121212067198
"N-Isobutyrylglycine","Paraprevotella xylaniphila",-0.1121752731241,0.496572282240397
"N-Isovalerylglycine","Paraprevotella xylaniphila",0.0233925157339297,0.887591529672054
"Nitazoxanide","Paraprevotella xylaniphila",0.00837948112767022,0.959621876923165
"Nizatidine","Paraprevotella xylaniphila",0.102447828173048,0.5348581829692
"N-Methylalanine","Paraprevotella xylaniphila",0.103906290818153,0.529028296694849
"N-Methylanthranilic acid","Paraprevotella xylaniphila",-0.195537702843301,0.23288494372611
"N-Methylglutamic acid","Paraprevotella xylaniphila",-0.0465674266703344,0.778323531748868
"N-Methylisoleucine","Paraprevotella xylaniphila",-0.0148530308503676,0.92849057338941
"N-Methylphenylalanine","Paraprevotella xylaniphila",0.044826588290135,0.7864140466306
"N-Methylserine","Paraprevotella xylaniphila",-0.0522821985325667,0.751929955672257
"N-Methyltyrosine","Paraprevotella xylaniphila",-0.0681309923153522,0.680255691214766
"N-Methylvaline","Paraprevotella xylaniphila",-0.277554919243045,0.0871310644155652
"Norepinephrine","Paraprevotella xylaniphila",0.207942431905146,0.203981803748272
"O-Acetylsalicylic acid","Paraprevotella xylaniphila",0.0297030548621526,0.857545277438634
"Octadecanedioic acid","Paraprevotella xylaniphila",0.0322071399909256,0.845674859710576
"Oleic acid","Paraprevotella xylaniphila",0.260364140238575,0.109416977816056
"Olmesartan","Paraprevotella xylaniphila",-0.129039644932282,0.433676968100883
"Omeprazole","Paraprevotella xylaniphila",-0.00674711467422797,0.967483062835127
"Orlistat","Paraprevotella xylaniphila",-0.0470026362653843,0.776304461348535
"Ornithine","Paraprevotella xylaniphila",0.0739856311584752,0.654426175635512
"Orotic acid","Paraprevotella xylaniphila",-0.0872595238074958,0.59735000294229
"O-Succinylhomoserine","Paraprevotella xylaniphila",-0.161680364561021,0.32544401321159
"Otenzepad","Paraprevotella xylaniphila",0.259763914957777,0.110266529277689
"Oxaprozin","Paraprevotella xylaniphila",-0.355638638717366,0.0262897377953608
"Oxazepam","Paraprevotella xylaniphila",-0.0581004809391555,0.725341306029364
"Palmitic acid","Paraprevotella xylaniphila",-0.0884064231169832,0.592521952366974
"Pantoprazole","Paraprevotella xylaniphila",0.200985016245234,0.219867594756878
"PE-Cer 23:3;2O/18:2;O","Paraprevotella xylaniphila",-0.283756655972505,0.0800168192797526
"Penciclovir","Paraprevotella xylaniphila",-0.0519610348290923,0.753406199532798
"PG O-18:2_11:0","Paraprevotella xylaniphila",-0.317703004386394,0.0487354630131096
"Phenylacetylglutamine","Paraprevotella xylaniphila",-0.0177347909982816,0.914663144609778
"Phenylalanine","Paraprevotella xylaniphila",-0.0770320983238242,0.641138726549976
"Phenyl-beta-glucopyranoside","Paraprevotella xylaniphila",-0.154499406242698,0.347673223043537
"Phloretin","Paraprevotella xylaniphila",-0.0252434340469417,0.878760808014307
"Phlorobenzophenone","Paraprevotella xylaniphila",-0.02486260637813,0.880576589148601
"Phthalic acid","Paraprevotella xylaniphila",0.144489585556552,0.380162319983283
"Piceid","Paraprevotella xylaniphila",-0.15765467580681,0.337794295217182
"Pizotifen","Paraprevotella xylaniphila",0.0154499406242698,0.925624611732542
"Proline","Paraprevotella xylaniphila",-0.0565772473564811,0.732273065988696
"Proline-hydroxyproline","Paraprevotella xylaniphila",0.0533756808034969,0.746910264297766
"Propionic acid","Paraprevotella xylaniphila",-0.106359727503817,0.519291693503967
"Pseudouridine","Paraprevotella xylaniphila",-0.104450302811965,0.52686169550785
"Purine","Paraprevotella xylaniphila",-0.00141443118391203,0.99318158214625
"Pyridoxamine","Paraprevotella xylaniphila",0.109569560712372,0.506688669412234
"Pyridoxine","Paraprevotella xylaniphila",0.0275270068869033,0.867885900256753
"Pyroglutamic acid","Paraprevotella xylaniphila",0.121423477018909,0.461518194011485
"Pyrrole-2-carboxylic acid","Paraprevotella xylaniphila",0.457319626290068,0.00342253518123847
"Pyruvic acid","Paraprevotella xylaniphila",0.137961441630804,0.402281709323297
"Quinic acid","Paraprevotella xylaniphila",-0.307801986099009,0.0566176092682673
"Ribose A","Paraprevotella xylaniphila",0.300185818185637,0.0633472127318346
"Riluzole","Paraprevotella xylaniphila",0.185645079410328,0.257843460187246
"S-Adenosyl-homocysteine","Paraprevotella xylaniphila",-0.223219417876297,0.171952376051845
"Salicylic acid","Paraprevotella xylaniphila",-0.000979221588862172,0.995279528185281
"Serine","Paraprevotella xylaniphila",0.196714736962534,0.230028790527309
"Ser-Val","Paraprevotella xylaniphila",0.113372099510487,0.491960598082127
"Sodium lauryl sulfate","Paraprevotella xylaniphila",0.241976534847719,0.137773433235794
"Sorbose","Paraprevotella xylaniphila",0.262648990612587,0.106228360776851
"Stavudine","Paraprevotella xylaniphila",0.126428387361983,0.443116009202333
"Sucrose","Paraprevotella xylaniphila",-0.0982485660825046,0.551815326031654
"Syringic acid","Paraprevotella xylaniphila",-0.00565772473564811,0.972731102198563
"Taurine","Paraprevotella xylaniphila",0.00903059909728448,0.956487217750403
"Taurocholic acid","Paraprevotella xylaniphila",-0.132412519293918,0.421651557017093
"Threonic acid","Paraprevotella xylaniphila",-0.00533158736336268,0.974302470171093
"Threonine","Paraprevotella xylaniphila",0.317703004386394,0.0487354630131096
"Thymidine","Paraprevotella xylaniphila",0.302797075755936,0.0609720366531632
"Thymidine-5-monophosphate","Paraprevotella xylaniphila",-0.148016213336867,0.368517472721076
"Tomelukast","Paraprevotella xylaniphila",-0.0312822727952402,0.850055352531428
"Toradol","Paraprevotella xylaniphila",0.100098206861466,0.544315131920536
"Torasemide","Paraprevotella xylaniphila",-0.0664782656438652,0.687614375464107
"Tyrosine","Paraprevotella xylaniphila",-0.0237189229302171,0.88603323984683
"Tyr-Tyr","Paraprevotella xylaniphila",0.0461322170752845,0.780344037959888
"Uracil","Paraprevotella xylaniphila",-0.0289414380708153,0.861161920369354
"Valine","Paraprevotella xylaniphila",-0.0711567687906512,0.666859346125811
"Val-Val","Paraprevotella xylaniphila",0.0357959891928505,0.828721235802612
"Valylphenylalanine","Paraprevotella xylaniphila",0.162877190947408,0.321827335051048
"Vanillic acid","Paraprevotella xylaniphila",0.146774435930563,0.372593284270261
"Vanillin","Paraprevotella xylaniphila",-0.183069300793014,0.264623208491094
"Vardenafil","Paraprevotella xylaniphila",-0.0860670531514261,0.602387992900958
"Vincristine","Paraprevotella xylaniphila",-0.162398940827451,0.323269525438953
"Vitexin","Paraprevotella xylaniphila",-0.0883154964623409,0.59290409526734
"Willardiine","Paraprevotella xylaniphila",0.0331897709379543,0.841025786793228
"Xanthine","Paraprevotella xylaniphila",0.126537189760745,0.44272048250776
"Xanthosine","Paraprevotella xylaniphila",0.151623816139712,0.356828226829865
"Xylose","Paraprevotella xylaniphila",0.139484675213478,0.397055471095551
"Zeranol","Paraprevotella xylaniphila",0.0493443850874484,0.765465544636722
"Riboflavin","Paraprevotella xylaniphila",0.270591565722247,0.0956917210207271
"1-(Benzo[d[1,3dioxol-4-yl)-2-(ethylamino)propan-1-one","Paraprevotella xylaniphila",-0.258527583170402,0.112032148242696
"1,5-Pentanediamine","Paraprevotella xylaniphila",0.255916193441408,0.115831659881164
"1-Hexadecylpyridinium cation","Paraprevotella xylaniphila",-0.139811082409766,0.39594069495542
"1-palmitoyl-2-hydroxy-sn-glycero-3-phosphoethanolamine","Paraprevotella xylaniphila",0.17136377805088,0.296907207393819
"1-Stearoyl-2-hydroxy-sn-glycero-3-phosphocholine","Paraprevotella xylaniphila",0.109564015553801,0.506710308044725
"2-Deoxyinosine","Paraprevotella xylaniphila",0.334676178593338,0.0372941534798774
"3-(Hydroxymethyl)-6,7-dimethylquinolin-2-ol","Paraprevotella xylaniphila",-0.303014680553461,0.0607773422252413
"4-Hydroxyquinoline-2-carbaldehyde","Paraprevotella xylaniphila",0.255903241889314,0.115850743011357
"4-Methyl-5-thiazoleethanol","Paraprevotella xylaniphila",-0.0635438167388531,0.700749647470932
"alpha-Chaconine","Paraprevotella xylaniphila",0.138575600731481,0.400169778813482
"Arg-Leu","Paraprevotella xylaniphila",0.188119347460299,0.251440610102217
"Benzyldimethyltetradecylammonium cation","Paraprevotella xylaniphila",-0.130345273717431,0.428999582422469
"Cholic Acid","Paraprevotella xylaniphila",-0.157545873408047,0.338132041041085
"Choline cation","Paraprevotella xylaniphila",0.207703779237543,0.20451307889303
"Citalopram","Paraprevotella xylaniphila",0.00696335352079767,0.966441505041211
"Cyclohexylamine","Paraprevotella xylaniphila",0.279730967218294,0.0845811618015291
"D-erythro-N-stearoylsphingosine","Paraprevotella xylaniphila",0.0122946710601584,0.940783743887701
"Desloratadine","Paraprevotella xylaniphila",0.0675731293632107,0.682736327284232
"Deuteroporphyrin IX","Paraprevotella xylaniphila",0.0447177858913725,0.786920448329119
"Ethylhexadecyldimethylammonium cation","Paraprevotella xylaniphila",0.00652847432248491,0.968536242034039
"Eutylone","Paraprevotella xylaniphila",-0.17974156275559,0.273555106657151
"Gln-Ile","Paraprevotella xylaniphila",0.17223419724098,0.294423270039338
"Gly-Ile","Paraprevotella xylaniphila",0.147209645525613,0.371161784369559
"Gly-Val","Paraprevotella xylaniphila",0.236427612510833,0.147313175673918
"Guanidine","Paraprevotella xylaniphila",0.213860689787879,0.191113728323851
"Hematoporphyrin","Paraprevotella xylaniphila",0.179380230996661,0.274536697663073
"Heptadecasphinganine","Paraprevotella xylaniphila",0.115112937890686,0.485292239510136
"Histamine","Paraprevotella xylaniphila",0.100592908518955,0.542317412341779
"Indole-6-carboxaldehyde","Paraprevotella xylaniphila",-0.0784465295077362,0.635006509238379
"Lidocaine-N-Oxide","Paraprevotella xylaniphila",-0.24687264279203,0.129742101753421
"L-Isoleucine","Paraprevotella xylaniphila",-0.0171907790044692,0.917271682417916
"Lithocholic acid","Paraprevotella xylaniphila",-0.153737789451361,0.350083915582545
"L-Phenylalanine","Paraprevotella xylaniphila",-0.026982994893091,0.87047451482819
"L-Tyrosine","Paraprevotella xylaniphila",0.148950483905813,0.365468582971548
"L-Valine","Paraprevotella xylaniphila",-0.143510363967689,0.383433722756574
"Maltose","Paraprevotella xylaniphila",0.283865458371267,0.079896177424843
"Mesoporphyrin IX","Paraprevotella xylaniphila",-0.0816017990718477,0.621413630217251
"Metformin","Paraprevotella xylaniphila",0.105124399601681,0.524183053108851
"Methionine","Paraprevotella xylaniphila",0.0390600611557244,0.813367786967921
"N,N-Dimethylaniline","Paraprevotella xylaniphila",-0.188663359454112,0.250047219193025
"N-Acetyldihydrosphingosine","Paraprevotella xylaniphila",0.219236833506364,0.179930535312014
"Nicotinate","Paraprevotella xylaniphila",0.24513180441183,0.132556743042185
"N-Methyl-2-pyrrolidone","Paraprevotella xylaniphila",-0.000217604797524927,0.998951000685664
"N-Methyltyramine","Paraprevotella xylaniphila",0.216038096121563,0.186526762949934
"n-Octadecylamine","Paraprevotella xylaniphila",-0.109738326832203,0.506030323537164
"Norverapamil","Paraprevotella xylaniphila",-0.102354558746558,0.535232061159566
"O-Benzyl-L-serine","Paraprevotella xylaniphila",-0.0958549133097304,0.561593101870571
"Palmitoyl-L-carnitine","Paraprevotella xylaniphila",0.031443893242352,0.849289537953246
"Pantothenic acid","Paraprevotella xylaniphila",0.305952345320048,0.0581969911482225
"Peimine","Paraprevotella xylaniphila",-0.150800124684774,0.359477189385053
"Phenylethylamine","Paraprevotella xylaniphila",0.0544011993812318,0.742211895467682
"Piperine","Paraprevotella xylaniphila",-0.334240968998288,0.0375573069251174
"Promecarb","Paraprevotella xylaniphila",-0.0265491289114386,0.872539968567127
"Quinolin-2-ol","Paraprevotella xylaniphila",0.0822546134644224,0.618616514692626
"Quinoline-2,6-diol","Paraprevotella xylaniphila",0.184093658706088,0.261913008471141
"Quinoline-2,8-diol","Paraprevotella xylaniphila",0.0388424563581995,0.814389280409149
"Roquefortine A","Paraprevotella xylaniphila",-0.104450302811965,0.52686169550785
"Sertraline","Paraprevotella xylaniphila",0.29680125245542,0.0665341848864949
"Solanidine","Paraprevotella xylaniphila",0.00217604797524927,0.989510293706052
"Stearoyl ethanolamide","Paraprevotella xylaniphila",0.0850834758322465,0.606557197660433
"TAG 39:3","Paraprevotella xylaniphila",-0.190186593036786,0.246173274074984
"Theophylline","Paraprevotella xylaniphila",-0.124143536987971,0.45146666316648
"Thr-Leu","Paraprevotella xylaniphila",0.219454438303889,0.179487922788615
"Tomatidine","Paraprevotella xylaniphila",0.263193002606399,0.10547968369642
"trans-Zeatin","Paraprevotella xylaniphila",-0.29235204547474,0.0709147163125419
"Trihydroxycholestanoic acid","Paraprevotella xylaniphila",-0.0011968263863871,0.994230550384943
"Tryptamine","Paraprevotella xylaniphila",0.0440649714987977,0.78996066635428
"Tryptophan","Paraprevotella xylaniphila",0.191709826619461,0.242339868868982
"Tyramine","Paraprevotella xylaniphila",0.290937614290828,0.0723538119589406
