"Meta","order","R","Pvalue"
"(15:3)-Anacardic acid","Firmicutes unclassified",0.258097165991903,0.112651821691641
"(2-oxo-2,3-dihydro-1H-indol-3-yl)acetic acid","Firmicutes unclassified",-0.0337061592617507,0.838584743099063
"[(1-Benzyl-1H-indazol-3-yl)oxyacetic acid","Firmicutes unclassified",0.103441295546559,0.530883641962951
"1,3,7-Trimethyluric acid","Firmicutes unclassified",-0.0967078098168635,0.558099928868699
"1,4-Butynediol","Firmicutes unclassified",-0.24130775879884,0.138898359322404
"1,5-Anhydrosorbitol","Firmicutes unclassified",-0.0113371799345887,0.945388216136708
"1,7-Dimethyluric acid","Firmicutes unclassified",0.0105263157894737,0.949288949315455
"10-Hydroxydecanoic acid","Firmicutes unclassified",-0.43663967611336,0.00545097727758126
"12-Ketodeoxycholic acid","Firmicutes unclassified",0.0279352226720648,0.865944345374813
"13-Hydroxy-9Z,11E-octadecadienoic acid","Firmicutes unclassified",0.0157894736842105,0.923994811491565
"1-Methylpseudouridine","Firmicutes unclassified",0.100015185644592,0.544650734105587
"1-Methylxanthine","Firmicutes unclassified",-0.47834008097166,0.00206920440559299
"1-Palmitoyl-2-hydroxy-sn-glycero-3-phospho-(1-rac-glycerol)","Firmicutes unclassified",-0.119034364239696,0.470444662988126
"2,3-Dihydroxybenzoic acid A","Firmicutes unclassified",-0.354251012145749,0.0269235462169486
"2,6-Diaminopimelic acid","Firmicutes unclassified",-0.189198767175852,0.248680924830505
"2,8-Quinolinediol","Firmicutes unclassified",-0.218825910931174,0.180768479651122
"2-[4-(Acetylamino)phenyl-4-quinolinecarboxylic acid","Firmicutes unclassified",0.0289473684210526,0.861133748394797
"2-{[2-Hydroxy-1,1-bis(hydroxymethyl)ethylammonio}ethanesulfonate","Firmicutes unclassified",-0.225991002900861,0.166552036144172
"2-Amino-3-methoxybenzoic acid","Firmicutes unclassified",-0.0848221064905318,0.607667170763929
"2-Aminonicotinic acid","Firmicutes unclassified",-0.304251012145749,0.0596805310893935
"2-Aminophenol","Firmicutes unclassified",0.0455465587044534,0.783065262573166
"2-Deoxycytidine","Firmicutes unclassified",-0.238866396761134,0.143062480219873
"2-Deoxyribose","Firmicutes unclassified",-0.442307692307692,0.00481167348747835
"2-Deoxyuridine","Firmicutes unclassified",-0.168421052631579,0.305404134049515
"2-Dodecoxyethyl hydrogen sulfate","Firmicutes unclassified",0.248785425101215,0.126701012431138
"2-Hydroxybenzaldehyde","Firmicutes unclassified",-0.104256288407217,0.52763388552758
"2-Hydroxycinnamic acid","Firmicutes unclassified",-0.331174089068826,0.0394549663746822
"2-Hydroxyisobutyric acid","Firmicutes unclassified",-0.24412955465587,0.13419763818109
"2-Hydroxynicotinic acid","Firmicutes unclassified",0.0151821862348178,0.926910076996616
"2-Hydroxypalmitic acid","Firmicutes unclassified",-0.0578976669601243,0.72626301862727
"2-Hydroxyphenylacetic acid","Firmicutes unclassified",-0.165595425081754,0.313706989725772
"2-Hydroxyquinoline","Firmicutes unclassified",-0.246963562753036,0.129596331629628
"2-Ketogluconic acid","Firmicutes unclassified",-0.386032388663968,0.0152135964999158
"2-Methylglutaric acid","Firmicutes unclassified",-0.0603238866396761,0.715262033060452
"2-Propanamidoacetic acid","Firmicutes unclassified",-0.230477251168187,0.158071586350779
"3-(1-Pyrazolyl)-alanine","Firmicutes unclassified",-0.371007748367842,0.0200594233474904
"3-(3-Hydroxyphenyl)propionic acid","Firmicutes unclassified",-0.0319838056680162,0.846732235103903
"3-(Hydroxymethyl)phenol","Firmicutes unclassified",-0.246583663577305,0.130206226611062
"3,4-Dihydroxybenzoic acid","Firmicutes unclassified",-0.145344129554656,0.377320927008502
"3,4-Dihydroxyphenylacetic acid","Firmicutes unclassified",-0.237562629991979,0.145323519559369
"3-[3-Tert-butylsulfanyl-1-[(4-chlorophenyl)methyl-5-propan-2-ylindol-2-yl-2,2-dimethylpropanoic acid","Firmicutes unclassified",-0.240421119337961,0.14040018237435
"3-Carboxy-4-methyl-5-propyl-2-furanpropionic acid","Firmicutes unclassified",-0.146363682560035,0.373947346104585
"3-Deoxyuridine","Firmicutes unclassified",-0.142105263157895,0.388156674688654
"3-Hydroxyglutaric acid","Firmicutes unclassified",-0.146963562753036,0.371970802157657
"3-Hydroxyphenylacetic acid","Firmicutes unclassified",0.125910931174089,0.444999753099794
"3-Hydroxypropanoic acid","Firmicutes unclassified",-0.0538461538461538,0.744753681228218
"3-Indoleacetic acid","Firmicutes unclassified",-0.288259109311741,0.0751417416230633
"3-Indolepropionic acid","Firmicutes unclassified",-0.318639607675649,0.0480380517581314
"3-Isochromanone","Firmicutes unclassified",0.0289473684210526,0.861133748394797
"3-Methyladipic acid","Firmicutes unclassified",-0.0340080971659919,0.837158126256806
"3-Methylglutaric acid","Firmicutes unclassified",0.0398785425101215,0.809528360991912
"3-Methylhistidine","Firmicutes unclassified",-0.234210526315789,0.151257132152864
"3-O-Methylguanosine","Firmicutes unclassified",-0.25871754676587,0.111759478076917
"3-O-Methyluridine","Firmicutes unclassified",-0.35331039395979,0.0273603303408474
"4,5,7-Trihydroxyisoflavone","Firmicutes unclassified",-0.0568825910931174,0.730881842415776
"4,6-Dihydroxypyrimidine","Firmicutes unclassified",-0.241497975708502,0.138577713952575
"4-Acetylbutyric acid","Firmicutes unclassified",0.051417004048583,0.755908832947145
"4-Hydroxybenzoic acid","Firmicutes unclassified",-0.14412955465587,0.381363201597533
"4-Hydroxyhippuric acid","Firmicutes unclassified",-0.0303766732084305,0.854348892606045
"4-Hydroxymandelonitrile","Firmicutes unclassified",-0.208038068649676,0.203769173086008
"4-Hydroxyquinoline","Firmicutes unclassified",-0.0566801619433198,0.731804066493448
"4-Isopropylbenzoic acid","Firmicutes unclassified",0.144953943449384,0.37861675076176
"4-Pregnen-17.alpha., 20.alpha.-diol-3-one","Firmicutes unclassified",0.131808061013079,0.423792748172306
"4-Pyridoxic acid","Firmicutes unclassified",-0.0273279352226721,0.868833002338221
"4-Thiouridine","Firmicutes unclassified",-0.218443163382522,0.181551465607817
"5-(Acetylamino)-2-hydroxybenzoic acid","Firmicutes unclassified",-0.308906882591093,0.0556905912111778
"5-Aminosalicylic acid","Firmicutes unclassified",-0.0609311740890688,0.712517214601975
"5-Hydroxytryptophan","Firmicutes unclassified",-0.297919728089102,0.0654673016213883
"5-Methylcytidine","Firmicutes unclassified",0.0592135230273999,0.720289772530966
"5-Methyluridine","Firmicutes unclassified",0.0476744775143681,0.773190432254196
"6,6-Dihydroxy-5,5-dimethoxybiphenyl-3,3-dicarboxylic acid","Firmicutes unclassified",0.212753036437247,0.19347742347066
"6,7-Dihydroxycoumarin","Firmicutes unclassified",-0.138569765853864,0.400189813294715
"6-Methyl-1,2,3-oxathiazin-4(3H)-one 2,2-dioxide","Firmicutes unclassified",-0.203482490504062,0.214070110123795
"8-(3-Octyl-2-oxiranyl)octanoic acid","Firmicutes unclassified",0.0325927425894406,0.843849854030684
"9,10-Dihydroxy-12Z-octadecenoic acid","Firmicutes unclassified",0.0103244091432389,0.950260423704515
"Abscisic acid","Firmicutes unclassified",-0.109716599190283,0.506115057474158
"Acetylenedicarboxylic acid","Firmicutes unclassified",-0.152834008097166,0.35295774628886
"Aconitic acid","Firmicutes unclassified",-0.321777418297614,0.045759954727957
"Adenine","Firmicutes unclassified",-0.267611336032389,0.099546960503222
"Adipic acid","Firmicutes unclassified",-0.0836032388663968,0.612854837593308
"Ala-Ala","Firmicutes unclassified",-0.294534412955466,0.06873853888301
"Ala-Ile","Firmicutes unclassified",-0.224493927125506,0.16945364683131
"Ala-Leu","Firmicutes unclassified",-0.243117408906883,0.135869969444906
"Alanine","Firmicutes unclassified",-0.177327935222672,0.280155658543665
"Ala-Val","Firmicutes unclassified",-0.242712550607287,0.136543203915119
"Albendazole","Firmicutes unclassified",0.0537531007867188,0.745180071934056
"alpha-Hydroxyhippuric acid","Firmicutes unclassified",-0.334379435888019,0.0374734178853424
"Anacardic acid diene","Firmicutes unclassified",0.273495622598349,0.0920462777074411
"Arabinose","Firmicutes unclassified",-0.0728744939271255,0.659299027427212
"Arabitol","Firmicutes unclassified",-0.00121457489878543,0.994144992947601
"Arachidonyl dopamine","Firmicutes unclassified",-0.0707525685404316,0.668643134128719
"Arginine","Firmicutes unclassified",-0.281174089068826,0.0829222862764933
"Asparagine","Firmicutes unclassified",-0.263373652850076,0.105231960005751
"Aspartic acid","Firmicutes unclassified",-0.286437246963563,0.0770855874919232
"Asp-Phe","Firmicutes unclassified",-0.277732793522267,0.086920424471542
"Benzoic acid","Firmicutes unclassified",0.168218623481781,0.305994262487872
"Benzylsuccinic acid","Firmicutes unclassified",0.0773279352226721,0.639854175030405
"beta-Hydroxyisovaleric acid","Firmicutes unclassified",-0.394534412955466,0.0129387919046291
"beta-Hydroxymyristic acid","Firmicutes unclassified",-0.0380566801619433,0.818080426269087
"Butyrylglycine","Firmicutes unclassified",-0.303643724696356,0.0602173023503967
"Carboxyibuprofen","Firmicutes unclassified",-0.0682220761033633,0.679850985097728
"Carnosine","Firmicutes unclassified",-0.367813765182186,0.0212407667189864
"Cellobiose B","Firmicutes unclassified",-0.359514170040486,0.0245847123918002
"Cerivastatin","Firmicutes unclassified",-0.164515317848508,0.316918045902824
"Chenodeoxycholic acid 3-sulfate","Firmicutes unclassified",-0.157911075361836,0.336999198554639
"Cholesterol 3-sulfate","Firmicutes unclassified",0.047165991902834,0.775546977744414
"Cholic acid","Firmicutes unclassified",-0.242724834563598,0.136522740820686
"Citraconic acid","Firmicutes unclassified",-0.140890688259109,0.392266459285843
"Citrulline","Firmicutes unclassified",-0.118825910931174,0.47122781973511
"Coniferylaldehyde","Firmicutes unclassified",-0.0422107502921741,0.798612541496303
"Cordycepin","Firmicutes unclassified",-0.122696904721853,0.456797603614328
"Cortodoxone","Firmicutes unclassified",0.0364372469635627,0.825699760412171
"Creatinine","Firmicutes unclassified",0.00141714749182359,0.993168488197926
"Cyclohexanesulfamic acid","Firmicutes unclassified",-0.336454274432611,0.0362345955578223
"Cysteic Acid","Firmicutes unclassified",-0.119230769230769,0.469707402598769
"Cytidine","Firmicutes unclassified",-0.240688259109312,0.13994643638447
"Cytidine-5-monophosphate","Firmicutes unclassified",0.23945731266153,0.142046258978671
"Daidzein","Firmicutes unclassified",0.143927125506073,0.382039382435308
"Dehydrocholic acid","Firmicutes unclassified",-0.152834008097166,0.35295774628886
"Dehydroepiandrosterone sulfate","Firmicutes unclassified",-0.17581861452751,0.284335476705565
"Dihydrocapsaicin","Firmicutes unclassified",0.0190293031267541,0.908459550013746
"Dihydroorotic acid","Firmicutes unclassified",-0.00769230769230769,0.962930765338182
"Dodecanedioic acid","Firmicutes unclassified",0.00425101214574899,0.979509459012543
"E-4031","Firmicutes unclassified",-0.174898785425101,0.286902533145996
"Enterolactone","Firmicutes unclassified",0.125303643724696,0.447216091136786
"Epicatechin","Firmicutes unclassified",0.0481805760017818,0.770846938772531
"Epitestosterone sulfate","Firmicutes unclassified",0.0115407979688871,0.944408887342231
"Ethyl sulfate","Firmicutes unclassified",-0.305668016194332,0.0584428571201558
"Ethyl-beta-glucuronide","Firmicutes unclassified",-0.209828432881709,0.199817147454309
"Ethylmalonic acid","Firmicutes unclassified",0.092914979757085,0.573711103308781
"Ezetimibe","Firmicutes unclassified",0.0959514170040486,0.561197347636843
"FAHFA 36:2","Firmicutes unclassified",0.0700404858299595,0.671790009439423
"Ferulic acid","Firmicutes unclassified",0.210334531369123,0.198709789801568
"Flavin adenine dinucleotide","Firmicutes unclassified",-0.0995140737141758,0.546678502496639
"Galactonic acid","Firmicutes unclassified",-0.328744939271255,0.0410127764770327
"gamma-Aminobutyric acid","Firmicutes unclassified",-0.195141700404858,0.233851268956126
"gamma-Glutamylleucine","Firmicutes unclassified",-0.217611336032389,0.183261446537644
"gamma-Glutamylmethionine","Firmicutes unclassified",-0.0710526315789474,0.667318744951104
"gamma-Glutamyltyrosine","Firmicutes unclassified",0.0879599171124965,0.594399548666083
"Gentisinic acid","Firmicutes unclassified",-0.221052631578947,0.176260927173219
"Ginkgolic acid I","Firmicutes unclassified",0.254466319471595,0.117982686152863
"Ginkgolic acid II","Firmicutes unclassified",0.0532388663967611,0.747537760124441
"Glucose","Firmicutes unclassified",-0.497368421052632,0.00127579748373785
"Glucuronic acid A","Firmicutes unclassified",-0.465991902834008,0.00279148954055808
"Glucuronic acid B","Firmicutes unclassified",-0.402226720647773,0.0111358869052878
"Glutamic acid","Firmicutes unclassified",-0.326113360323887,0.0427563977529406
"Glutamine","Firmicutes unclassified",-0.159514170040486,0.332054182280593
"Glutaric acid","Firmicutes unclassified",-0.246356275303644,0.130572298765564
"Glu-Thr","Firmicutes unclassified",-0.246469963370459,0.130389176896408
"Glu-Val-Phe","Firmicutes unclassified",-0.21417004048583,0.190457239725772
"Glyceraldehyde","Firmicutes unclassified",-0.497368421052632,0.00127579748373785
"Glyceric acid","Firmicutes unclassified",-0.282591093117409,0.0813181349456036
"Glycocholic acid","Firmicutes unclassified",-0.0823886639676113,0.618042801459084
"Glycodeoxycholic acid","Firmicutes unclassified",-0.205569646604026,0.209306888613983
"Gly-Tyr","Firmicutes unclassified",-0.136747811299175,0.406473854977
"Gly-Tyr-Ala","Firmicutes unclassified",-0.184210526315789,0.261604978404987
"Guanine","Firmicutes unclassified",-0.250404858299595,0.124168165768477
"Guanosine","Firmicutes unclassified",-0.321457489878543,0.0459881556652793
"Guanosine-3,5-cyclic monophosphate","Firmicutes unclassified",-0.309934713692134,0.0548391528334271
"Halometasone","Firmicutes unclassified",0.0667037806411222,0.686608589744517
"Histamine-trifluoromethyltoluide","Firmicutes unclassified",-0.13663967611336,0.406848586431915
"Histidine","Firmicutes unclassified",-0.35080971659919,0.02855011674581
"Homogentisic acid","Firmicutes unclassified",-0.172672064777328,0.29317878066418
"Homoserine","Firmicutes unclassified",0.0212550607287449,0.897805921184167
"Homovanillic acid","Firmicutes unclassified",-0.0465587044534413,0.778364011498109
"Hypoxanthine","Firmicutes unclassified",-0.401619433198381,0.0112699854865141
"Ile-Ile","Firmicutes unclassified",-0.310121457489879,0.0546855803356521
"Indolelactic acid","Firmicutes unclassified",-0.291407302853047,0.0718734132722618
"Indoxyl sulfate","Firmicutes unclassified",-0.0842190509426591,0.610231511376949
"Inosine","Firmicutes unclassified",-0.453036437246964,0.00377773585625274
"Isoleucine","Firmicutes unclassified",0.00283400809716599,0.986338839358597
"Isomaltose A","Firmicutes unclassified",-0.228993728119497,0.160840473818105
"Isorhamnetin","Firmicutes unclassified",0.0264183410429938,0.873162758782965
"Isoxanthopterin","Firmicutes unclassified",-0.20668016194332,0.206802741136943
"Kaempferol","Firmicutes unclassified",0.0840080971659919,0.611129624876391
"Ketoisovaleric acid","Firmicutes unclassified",0.100202429149798,0.5438939668064
"Kynurenic acid","Firmicutes unclassified",0.0204453441295547,0.901679699385704
"Lactose A","Firmicutes unclassified",-0.425852821292989,0.00687255118802743
"Lactulose","Firmicutes unclassified",-0.131781376518219,0.423887413808003
"Leu-Asp","Firmicutes unclassified",-0.158097165991903,0.336422853459196
"Levocetirizine","Firmicutes unclassified",0.134764348056024,0.41337871069694
"Liquiritigenin","Firmicutes unclassified",0.115789473684211,0.482713461334189
"L-Kynurenine","Firmicutes unclassified",-0.0678137651821862,0.681665892789993
"LPE 14:0","Firmicutes unclassified",0.0890688259109312,0.589741307366796
"LPE 18:1","Firmicutes unclassified",0.0427125506072875,0.796268732290823
"LPG 15:0","Firmicutes unclassified",0.176756432049797,0.281733609699863
"LPI 16:0","Firmicutes unclassified",-0.000809716599190283,0.996096643304355
"Lysine","Firmicutes unclassified",-0.36336032388664,0.0229844272875921
"Maleic acid","Firmicutes unclassified",0.181486917586544,0.268846110587262
"Malic acid","Firmicutes unclassified",-0.287651821862348,0.0757853797056449
"Maltotriose","Firmicutes unclassified",-0.407287449392713,0.0100702810821436
"Mannitol","Firmicutes unclassified",-0.164372469635628,0.317344262060629
"Methioninesulfoxide","Firmicutes unclassified",-0.239473684210526,0.142018180053402
"Methyl-4-hydroxy-3-methoxybenzoate","Firmicutes unclassified",-0.151121008341723,0.358443833795674
"Methylmalonic acid","Firmicutes unclassified",-0.0923076923076923,0.576228979638613
"Muramic acid","Firmicutes unclassified",-0.0807692307692308,0.624988558165871
"N-2-Fluorenylacetamide","Firmicutes unclassified",0.1887747358053,0.249762587262596
"N-Acetylaspartic acid","Firmicutes unclassified",-0.130364372469636,0.428931370964948
"N-Acetyl-D-glucosamine","Firmicutes unclassified",-0.126113360323887,0.444262310598754
"N-Acetylglucosamine","Firmicutes unclassified",-0.116801619433198,0.478868794781656
"N-Acetylglutamic acid","Firmicutes unclassified",-0.05,0.762438769222482
"N-Acetylglycine","Firmicutes unclassified",-0.211336032388664,0.196531170505815
"N-Acetylhistidine","Firmicutes unclassified",-0.165182186234818,0.314933076826015
"N-Acetylleucine","Firmicutes unclassified",0.0204453441295547,0.901679699385704
"N-Acetylmethionine","Firmicutes unclassified",-0.315991902834008,0.050030608238834
"N-Acetylneuraminic acid","Firmicutes unclassified",-0.224910167806637,0.168643273042059
"N-Acetylphenylalanine","Firmicutes unclassified",-0.30668016194332,0.0575713834483436
"N-Acetylserine","Firmicutes unclassified",-0.341414039609264,0.0334084489868229
"N-Acetylserotonin","Firmicutes unclassified",-0.0246976061857873,0.881363495329032
"N-Acetyltryptophan","Firmicutes unclassified",-0.0740928185573619,0.653956850948398
"Naringin","Firmicutes unclassified",0.0761249186282721,0.645084200902768
"N-Carbobenzyloxyleucine","Firmicutes unclassified",-0.00101240195599082,0.995119579561401
"N-Cinnamoylglycine","Firmicutes unclassified",-0.00799635610113605,0.961466627865228
"N-epsilon-Acetyllysine","Firmicutes unclassified",-0.214777327935223,0.189173118153951
"Nervonic acid","Firmicutes unclassified",-0.109114833886388,0.508464675822837
"N-Formylmethionine","Firmicutes unclassified",-0.27246963562753,0.0933217676468967
"Nicotinic acid","Firmicutes unclassified",-0.401012145748988,0.0114054559127299
"N-Isobutyrylglycine","Firmicutes unclassified",-0.121052631578947,0.462897810882742
"N-Isovalerylglycine","Firmicutes unclassified",-0.189473684210526,0.247981319262953
"Nitazoxanide","Firmicutes unclassified",0.145069855170309,0.378231529328197
"Nizatidine","Firmicutes unclassified",-0.0878631444930626,0.594806829423375
"N-Methylalanine","Firmicutes unclassified",-0.314574898785425,0.0511239604899774
"N-Methylanthranilic acid","Firmicutes unclassified",-0.0655936839072633,0.691564670732862
"N-Methylglutamic acid","Firmicutes unclassified",-0.177327935222672,0.280155658543665
"N-Methylisoleucine","Firmicutes unclassified",0.0150824983058368,0.927388716880056
"N-Methylphenylalanine","Firmicutes unclassified",-0.015587044534413,0.924966459785404
"N-Methylserine","Firmicutes unclassified",-0.217419910192914,0.183656573119995
"N-Methyltyrosine","Firmicutes unclassified",0.0609496838887229,0.712433609828699
"N-Methylvaline","Firmicutes unclassified",-0.0947368421052632,0.566187632533938
"Norepinephrine","Firmicutes unclassified",-0.246684888398149,0.130043510709936
"O-Acetylsalicylic acid","Firmicutes unclassified",-0.130769230769231,0.427486837205886
"Octadecanedioic acid","Firmicutes unclassified",-0.162457614459789,0.323092374745857
"Oleic acid","Firmicutes unclassified",-0.133805668016194,0.416739800319044
"Olmesartan","Firmicutes unclassified",-0.0479757085020243,0.771795339223596
"Omeprazole","Firmicutes unclassified",0.048997773832819,0.767067135508746
"Orlistat","Firmicutes unclassified",-0.00323886639676113,0.98438746889163
"Ornithine","Firmicutes unclassified",-0.39412955465587,0.0130401655468415
"Orotic acid","Firmicutes unclassified",-0.253643724696356,0.119216366502766
"O-Succinylhomoserine","Firmicutes unclassified",-0.040080971659919,0.8085794571059
"Otenzepad","Firmicutes unclassified",-0.271512457478555,0.0945239330351664
"Oxaprozin","Firmicutes unclassified",0.126524621853419,0.44276616042266
"Oxazepam","Firmicutes unclassified",0.00708502024291498,0.965855496883442
"Palmitic acid","Firmicutes unclassified",-0.0496988714640228,0.763828558922691
"Pantoprazole","Firmicutes unclassified",-0.167983002842621,0.306682064025499
"PE-Cer 23:3;2O/18:2;O","Firmicutes unclassified",-0.0172064777327935,0.917196394908832
"Penciclovir","Firmicutes unclassified",0.0459583950229196,0.781151423540668
"PG O-18:2_11:0","Firmicutes unclassified",0.0668016194331984,0.686172398884832
"Phenylacetylglutamine","Firmicutes unclassified",-0.107894736842105,0.513245369914109
"Phenylalanine","Firmicutes unclassified",-0.0753036437246964,0.648664346280539
"Phenyl-beta-glucopyranoside","Firmicutes unclassified",-0.0117408906882591,0.94344659249861
"Phloretin","Firmicutes unclassified",0.0529379017834703,0.748918690890879
"Phlorobenzophenone","Firmicutes unclassified",0.223999190529292,0.170420480051894
"Phthalic acid","Firmicutes unclassified",0.0491902834008097,0.766177485933652
"Piceid","Firmicutes unclassified",0.0504048582995951,0.760571396170315
"Pizotifen","Firmicutes unclassified",0.0281376518218623,0.86498183926167
"Proline","Firmicutes unclassified",-0.121052631578947,0.462897810882742
"Proline-hydroxyproline","Firmicutes unclassified",-0.0313812829451654,0.849586191443223
"Propionic acid","Firmicutes unclassified",-0.260337061925594,0.109455196954159
"Pseudouridine","Firmicutes unclassified",-0.236234817813765,0.147653113704794
"Purine","Firmicutes unclassified",-0.0898785425101215,0.586350122929913
"Pyridoxamine","Firmicutes unclassified",-0.0322890834969924,0.845286965252706
"Pyridoxine","Firmicutes unclassified",-0.198582995951417,0.225544545403745
"Pyroglutamic acid","Firmicutes unclassified",-0.318623481781377,0.0480499909970742
"Pyrrole-2-carboxylic acid","Firmicutes unclassified",-0.277544410497659,0.0871435212886551
"Pyruvic acid","Firmicutes unclassified",-0.209716599190283,0.200062424437276
"Quinic acid","Firmicutes unclassified",-0.0305668016194332,0.853447127076097
"Ribose A","Firmicutes unclassified",-0.254048582995951,0.118607977798241
"Riluzole","Firmicutes unclassified",-0.225034167700331,0.168402399121059
"S-Adenosyl-homocysteine","Firmicutes unclassified",-0.0447391062873688,0.786821209468351
"Salicylic acid","Firmicutes unclassified",0.0595141700404858,0.718927283695831
"Serine","Firmicutes unclassified",-0.371457489878542,0.019897581658447
"Ser-Val","Firmicutes unclassified",-0.246356275303644,0.130572298765564
"Sodium lauryl sulfate","Firmicutes unclassified",0.00910931174089069,0.956108316439713
"Sorbose","Firmicutes unclassified",-0.346558704453441,0.0306705693951967
"Stavudine","Firmicutes unclassified",-0.142307692307692,0.387474164607813
"Sucrose","Firmicutes unclassified",0.247165991902834,0.129272219029143
"Syringic acid","Firmicutes unclassified",0.012753036437247,0.938580176292017
"Taurine","Firmicutes unclassified",-0.304251012145749,0.0596805310893935
"Taurocholic acid","Firmicutes unclassified",-0.193927125506073,0.236832052418014
"Threonic acid","Firmicutes unclassified",-0.418847108183557,0.00795782571022885
"Threonine","Firmicutes unclassified",-0.287246963562753,0.0762168620707564
"Thymidine","Firmicutes unclassified",-0.169028340080972,0.303638094615287
"Thymidine-5-monophosphate","Firmicutes unclassified",-0.035537108048076,0.829941722099341
"Tomelukast","Firmicutes unclassified",0.268940736211626,0.0978128246840178
"Toradol","Firmicutes unclassified",-0.107894736842105,0.513245369914109
"Torasemide","Firmicutes unclassified",0.155465587044534,0.344629644384741
"Tyrosine","Firmicutes unclassified",-0.110526315789474,0.502962150109253
"Tyr-Tyr","Firmicutes unclassified",-0.173684210526316,0.290315074859923
"Uracil","Firmicutes unclassified",-0.274696356275304,0.0905706434197908
"Valine","Firmicutes unclassified",-0.0340080971659919,0.837158126256806
"Val-Val","Firmicutes unclassified",-0.235425101214575,0.149087093484537
"Valylphenylalanine","Firmicutes unclassified",-0.12085020242915,0.463651815655173
"Vanillic acid","Firmicutes unclassified",-0.101012145748988,0.540627184312191
"Vanillin","Firmicutes unclassified",0.2790627059599,0.0853579968979514
"Vardenafil","Firmicutes unclassified",0.0123488030928936,0.940523484016962
"Vincristine","Firmicutes unclassified",-0.126366960547071,0.443339398092761
"Vitexin","Firmicutes unclassified",-0.160161989437747,0.330068695427956
"Willardiine","Firmicutes unclassified",-0.166219569664392,0.311860858720788
"Xanthine","Firmicutes unclassified",-0.423076923076923,0.00728627475471466
"Xanthosine","Firmicutes unclassified",-0.294650539372241,0.0686242330712314
"Xylose","Firmicutes unclassified",0.044331983805668,0.788716791658073
"Zeranol","Firmicutes unclassified",-0.0545574169431941,0.741496994407423
"Riboflavin","Firmicutes unclassified",-0.196761133603239,0.229916697419394
"1-(Benzo[d[1,3dioxol-4-yl)-2-(ethylamino)propan-1-one","Firmicutes unclassified",0.0437269093125414,0.791536262378584
"1,5-Pentanediamine","Firmicutes unclassified",-0.129358773382935,0.432531095051848
"1-Hexadecylpyridinium cation","Firmicutes unclassified",0.160931174089069,0.327720830841495
"1-palmitoyl-2-hydroxy-sn-glycero-3-phosphoethanolamine","Firmicutes unclassified",-0.111336032388664,0.499819224959221
"1-Stearoyl-2-hydroxy-sn-glycero-3-phosphocholine","Firmicutes unclassified",-0.296761133603239,0.0665727066373119
"2-Deoxyinosine","Firmicutes unclassified",-0.331578947368421,0.0392000754792772
"3-(Hydroxymethyl)-6,7-dimethylquinolin-2-ol","Firmicutes unclassified",-0.0481781376518219,0.770858224785076
"4-Hydroxyquinoline-2-carbaldehyde","Firmicutes unclassified",0.0255060728744939,0.877508905251363
"4-Methyl-5-thiazoleethanol","Firmicutes unclassified",0.0998026217179765,0.545510444368796
"alpha-Chaconine","Firmicutes unclassified",-0.0232911422260719,0.888075578667479
"Arg-Leu","Firmicutes unclassified",-0.06417004048583,0.697939160250695
"Benzyldimethyltetradecylammonium cation","Firmicutes unclassified",0.142307692307692,0.387474164607813
"Cholic Acid","Firmicutes unclassified",-0.189473684210526,0.247981319262953
"Choline cation","Firmicutes unclassified",-0.00931174089068826,0.955133921306211
"Citalopram","Firmicutes unclassified",0.288259109311741,0.0751417416230633
"Cyclohexylamine","Firmicutes unclassified",-0.00425101214574899,0.979509459012543
"D-erythro-N-stearoylsphingosine","Firmicutes unclassified",-0.301214574898785,0.0624028650209989
"Desloratadine","Firmicutes unclassified",-0.15487397589215,0.346491346547476
"Deuteroporphyrin IX","Firmicutes unclassified",0.0180161943319838,0.913314159496592
"Ethylhexadecyldimethylammonium cation","Firmicutes unclassified",-0.137152690089106,0.405072544192402
"Eutylone","Firmicutes unclassified",0.00404858299595142,0.980485007817874
"Gln-Ile","Firmicutes unclassified",0.044331983805668,0.788716791658073
"Gly-Ile","Firmicutes unclassified",-0.131376518218623,0.425325139056764
"Gly-Val","Firmicutes unclassified",-0.175303643724696,0.285770813519641
"Guanidine","Firmicutes unclassified",-0.251951166280075,0.121785218470394
"Hematoporphyrin","Firmicutes unclassified",-0.0361349409025135,0.827123859108856
"Heptadecasphinganine","Firmicutes unclassified",-0.232793522267206,0.153817896075553
"Histamine","Firmicutes unclassified",-0.0277341971102693,0.866900366428525
"Indole-6-carboxaldehyde","Firmicutes unclassified",-0.0769230769230769,0.641612367856151
"Lidocaine-N-Oxide","Firmicutes unclassified",0.138461538461538,0.400561524792547
"L-Isoleucine","Firmicutes unclassified",0.122874493927126,0.456141354871266
"Lithocholic acid","Firmicutes unclassified",-0.119230769230769,0.469707402598769
"L-Phenylalanine","Firmicutes unclassified",-0.0236842105263158,0.88619893921549
"L-Tyrosine","Firmicutes unclassified",-0.139878542510121,0.395710525182543
"L-Valine","Firmicutes unclassified",0.138866396761134,0.399172041748597
"Maltose","Firmicutes unclassified",-0.288259109311741,0.0751417416230633
"Mesoporphyrin IX","Firmicutes unclassified",0.146963562753036,0.371970802157657
"Metformin","Firmicutes unclassified",0.0854423989977257,0.605034354706173
"Methionine","Firmicutes unclassified",-0.173886639676113,0.2897445070205
"N,N-Dimethylaniline","Firmicutes unclassified",0.0184210526315789,0.911373779655611
"N-Acetyldihydrosphingosine","Firmicutes unclassified",-0.131578947368421,0.424605935452993
"Nicotinate","Firmicutes unclassified",-0.236234817813765,0.147653113704794
"N-Methyl-2-pyrrolidone","Firmicutes unclassified",-0.0850202429149798,0.606825653049841
"N-Methyltyramine","Firmicutes unclassified",-0.051520826018712,0.755431043863113
"n-Octadecylamine","Firmicutes unclassified",-0.0894827416265753,0.58800669863547
"Norverapamil","Firmicutes unclassified",-0.0301695782885263,0.855331336665687
"O-Benzyl-L-serine","Firmicutes unclassified",0.237449392712551,0.145521130855989
"Palmitoyl-L-carnitine","Firmicutes unclassified",-0.245546558704453,0.13188207780669
"Pantothenic acid","Firmicutes unclassified",-0.197975708502024,0.226995558329211
"Peimine","Firmicutes unclassified",0.08582995951417,0.60339185692976
"Phenylethylamine","Firmicutes unclassified",0.105060728744939,0.524435773964935
"Piperine","Firmicutes unclassified",0.0704453441295547,0.670000156569875
"Promecarb","Firmicutes unclassified",-0.0469659396319889,0.776474652516675
"Quinolin-2-ol","Firmicutes unclassified",-0.153441295546559,0.351025129645615
"Quinoline-2,6-diol","Firmicutes unclassified",-0.236842105263158,0.146584279686463
"Quinoline-2,8-diol","Firmicutes unclassified",-0.0493927125506073,0.765242313513773
"Roquefortine A","Firmicutes unclassified",0.00303643724696356,0.985363143629953
"Sertraline","Firmicutes unclassified",-0.0822966086489451,0.618436758486863
"Solanidine","Firmicutes unclassified",-0.238866396761134,0.143062480219873
"Stearoyl ethanolamide","Firmicutes unclassified",-0.425303643724696,0.00695275687144004
"TAG 39:3","Firmicutes unclassified",-0.0712550607287449,0.666425843427298
"Theophylline","Firmicutes unclassified",-0.0147773279352227,0.9288541124837
"Thr-Leu","Firmicutes unclassified",0.0340080971659919,0.837158126256806
"Tomatidine","Firmicutes unclassified",-0.0291497975708502,0.860172215793082
"trans-Zeatin","Firmicutes unclassified",-0.0437246963562753,0.791546578933605
"Trihydroxycholestanoic acid","Firmicutes unclassified",-0.446558704453441,0.00437586933497713
"Tryptamine","Firmicutes unclassified",0.054251012145749,0.742899400964388
"Tryptophan","Firmicutes unclassified",-0.209311740890688,0.200952134158259
"Tyramine","Firmicutes unclassified",-0.173481781376518,0.290886367113477
