"Meta","family","R","Pvalue"
"(15:3)-Anacardic acid","Firmicutes unclassified",0.258097165991903,0.112651821691641
"(2-oxo-2,3-dihydro-1H-indol-3-yl)acetic acid","Firmicutes unclassified",-0.0337061592617507,0.838584743099063
"[(1-Benzyl-1H-indazol-3-yl)oxyacetic acid","Firmicutes unclassified",0.103441295546559,0.530883641962951
"1,3,7-Trimethyluric acid","Firmicutes unclassified",-0.0967078098168635,0.558099928868699
"1,4-Butynediol","Firmicutes unclassified",-0.24130775879884,0.138898359322404
"1,5-Anhydrosorbitol","Firmicutes unclassified",-0.0113371799345887,0.945388216136708
"1,7-Dimethyluric acid","Firmicutes unclassified",0.0105263157894737,0.949288949315455
"10-Hydroxydecanoic acid","Firmicutes unclassified",-0.43663967611336,0.00545097727758126
"12-Ketodeoxycholic acid","Firmicutes unclassified",0.0279352226720648,0.865944345374813
"13-Hydroxy-9Z,11E-octadecadienoic acid","Firmicutes unclassified",0.0157894736842105,0.923994811491565
"1-Methylpseudouridine","Firmicutes unclassified",0.100015185644592,0.544650734105587
"1-Methylxanthine","Firmicutes unclassified",-0.47834008097166,0.00206920440559299
"1-Palmitoyl-2-hydroxy-sn-glycero-3-phospho-(1-rac-glycerol)","Firmicutes unclassified",-0.119034364239696,0.470444662988126
"2,3-Dihydroxybenzoic acid A","Firmicutes unclassified",-0.354251012145749,0.0269235462169486
"2,6-Diaminopimelic acid","Firmicutes unclassified",-0.189198767175852,0.248680924830505
"2,8-Quinolinediol","Firmicutes unclassified",-0.218825910931174,0.180768479651122
"2-[4-(Acetylamino)phenyl-4-quinolinecarboxylic acid","Firmicutes unclassified",0.0289473684210526,0.861133748394797
"2-{[2-Hydroxy-1,1-bis(hydroxymethyl)ethylammonio}ethanesulfonate","Firmicutes unclassified",-0.225991002900861,0.166552036144172
"2-Amino-3-methoxybenzoic acid","Firmicutes unclassified",-0.0848221064905318,0.607667170763929
"2-Aminonicotinic acid","Firmicutes unclassified",-0.304251012145749,0.0596805310893935
"2-Aminophenol","Firmicutes unclassified",0.0455465587044534,0.783065262573166
"2-Deoxycytidine","Firmicutes unclassified",-0.238866396761134,0.143062480219873
"2-Deoxyribose","Firmicutes unclassified",-0.442307692307692,0.00481167348747835
"2-Deoxyuridine","Firmicutes unclassified",-0.168421052631579,0.305404134049515
"2-Dodecoxyethyl hydrogen sulfate","Firmicutes unclassified",0.248785425101215,0.126701012431138
"2-Hydroxybenzaldehyde","Firmicutes unclassified",-0.104256288407217,0.52763388552758
"2-Hydroxycinnamic acid","Firmicutes unclassified",-0.331174089068826,0.0394549663746822
"2-Hydroxyisobutyric acid","Firmicutes unclassified",-0.24412955465587,0.13419763818109
"2-Hydroxynicotinic acid","Firmicutes unclassified",0.0151821862348178,0.926910076996616
"2-Hydroxypalmitic acid","Firmicutes unclassified",-0.0578976669601243,0.72626301862727
"2-Hydroxyphenylacetic acid","Firmicutes unclassified",-0.165595425081754,0.313706989725772
"2-Hydroxyquinoline","Firmicutes unclassified",-0.246963562753036,0.129596331629628
"2-Ketogluconic acid","Firmicutes unclassified",-0.386032388663968,0.0152135964999158
"2-Methylglutaric acid","Firmicutes unclassified",-0.0603238866396761,0.715262033060452
"2-Propanamidoacetic acid","Firmicutes unclassified",-0.230477251168187,0.158071586350779
"3-(1-Pyrazolyl)-alanine","Firmicutes unclassified",-0.371007748367842,0.0200594233474904
"3-(3-Hydroxyphenyl)propionic acid","Firmicutes unclassified",-0.0319838056680162,0.846732235103903
"3-(Hydroxymethyl)phenol","Firmicutes unclassified",-0.246583663577305,0.130206226611062
"3,4-Dihydroxybenzoic acid","Firmicutes unclassified",-0.145344129554656,0.377320927008502
"3,4-Dihydroxyphenylacetic acid","Firmicutes unclassified",-0.237562629991979,0.145323519559369
"3-[3-Tert-butylsulfanyl-1-[(4-chlorophenyl)methyl-5-propan-2-ylindol-2-yl-2,2-dimethylpropanoic acid","Firmicutes unclassified",-0.240421119337961,0.14040018237435
"3-Carboxy-4-methyl-5-propyl-2-furanpropionic acid","Firmicutes unclassified",-0.146363682560035,0.373947346104585
"3-Deoxyuridine","Firmicutes unclassified",-0.142105263157895,0.388156674688654
"3-Hydroxyglutaric acid","Firmicutes unclassified",-0.146963562753036,0.371970802157657
"3-Hydroxyphenylacetic acid","Firmicutes unclassified",0.125910931174089,0.444999753099794
"3-Hydroxypropanoic acid","Firmicutes unclassified",-0.0538461538461538,0.744753681228218
"3-Indoleacetic acid","Firmicutes unclassified",-0.288259109311741,0.0751417416230633
"3-Indolepropionic acid","Firmicutes unclassified",-0.318639607675649,0.0480380517581314
"3-Isochromanone","Firmicutes unclassified",0.0289473684210526,0.861133748394797
"3-Methyladipic acid","Firmicutes unclassified",-0.0340080971659919,0.837158126256806
"3-Methylglutaric acid","Firmicutes unclassified",0.0398785425101215,0.809528360991912
"3-Methylhistidine","Firmicutes unclassified",-0.234210526315789,0.151257132152864
"3-O-Methylguanosine","Firmicutes unclassified",-0.25871754676587,0.111759478076917
"3-O-Methyluridine","Firmicutes unclassified",-0.35331039395979,0.0273603303408474
"4,5,7-Trihydroxyisoflavone","Firmicutes unclassified",-0.0568825910931174,0.730881842415776
"4,6-Dihydroxypyrimidine","Firmicutes unclassified",-0.241497975708502,0.138577713952575
"4-Acetylbutyric acid","Firmicutes unclassified",0.051417004048583,0.755908832947145
"4-Hydroxybenzoic acid","Firmicutes unclassified",-0.14412955465587,0.381363201597533
"4-Hydroxyhippuric acid","Firmicutes unclassified",-0.0303766732084305,0.854348892606045
"4-Hydroxymandelonitrile","Firmicutes unclassified",-0.208038068649676,0.203769173086008
"4-Hydroxyquinoline","Firmicutes unclassified",-0.0566801619433198,0.731804066493448
"4-Isopropylbenzoic acid","Firmicutes unclassified",0.144953943449384,0.37861675076176
"4-Pregnen-17.alpha., 20.alpha.-diol-3-one","Firmicutes unclassified",0.131808061013079,0.423792748172306
"4-Pyridoxic acid","Firmicutes unclassified",-0.0273279352226721,0.868833002338221
"4-Thiouridine","Firmicutes unclassified",-0.218443163382522,0.181551465607817
"5-(Acetylamino)-2-hydroxybenzoic acid","Firmicutes unclassified",-0.308906882591093,0.0556905912111778
"5-Aminosalicylic acid","Firmicutes unclassified",-0.0609311740890688,0.712517214601975
"5-Hydroxytryptophan","Firmicutes unclassified",-0.297919728089102,0.0654673016213883
"5-Methylcytidine","Firmicutes unclassified",0.0592135230273999,0.720289772530966
"5-Methyluridine","Firmicutes unclassified",0.0476744775143681,0.773190432254196
"6,6-Dihydroxy-5,5-dimethoxybiphenyl-3,3-dicarboxylic acid","Firmicutes unclassified",0.212753036437247,0.19347742347066
"6,7-Dihydroxycoumarin","Firmicutes unclassified",-0.138569765853864,0.400189813294715
"6-Methyl-1,2,3-oxathiazin-4(3H)-one 2,2-dioxide","Firmicutes unclassified",-0.203482490504062,0.214070110123795
"8-(3-Octyl-2-oxiranyl)octanoic acid","Firmicutes unclassified",0.0325927425894406,0.843849854030684
"9,10-Dihydroxy-12Z-octadecenoic acid","Firmicutes unclassified",0.0103244091432389,0.950260423704515
"Abscisic acid","Firmicutes unclassified",-0.109716599190283,0.506115057474158
"Acetylenedicarboxylic acid","Firmicutes unclassified",-0.152834008097166,0.35295774628886
"Aconitic acid","Firmicutes unclassified",-0.321777418297614,0.045759954727957
"Adenine","Firmicutes unclassified",-0.267611336032389,0.099546960503222
"Adipic acid","Firmicutes unclassified",-0.0836032388663968,0.612854837593308
"Ala-Ala","Firmicutes unclassified",-0.294534412955466,0.06873853888301
"Ala-Ile","Firmicutes unclassified",-0.224493927125506,0.16945364683131
"Ala-Leu","Firmicutes unclassified",-0.243117408906883,0.135869969444906
"Alanine","Firmicutes unclassified",-0.177327935222672,0.280155658543665
"Ala-Val","Firmicutes unclassified",-0.242712550607287,0.136543203915119
"Albendazole","Firmicutes unclassified",0.0537531007867188,0.745180071934056
"alpha-Hydroxyhippuric acid","Firmicutes unclassified",-0.334379435888019,0.0374734178853424
"Anacardic acid diene","Firmicutes unclassified",0.273495622598349,0.0920462777074411
"Arabinose","Firmicutes unclassified",-0.0728744939271255,0.659299027427212
"Arabitol","Firmicutes unclassified",-0.00121457489878543,0.994144992947601
"Arachidonyl dopamine","Firmicutes unclassified",-0.0707525685404316,0.668643134128719
"Arginine","Firmicutes unclassified",-0.281174089068826,0.0829222862764933
"Asparagine","Firmicutes unclassified",-0.263373652850076,0.105231960005751
"Aspartic acid","Firmicutes unclassified",-0.286437246963563,0.0770855874919232
"Asp-Phe","Firmicutes unclassified",-0.277732793522267,0.086920424471542
"Benzoic acid","Firmicutes unclassified",0.168218623481781,0.305994262487872
"Benzylsuccinic acid","Firmicutes unclassified",0.0773279352226721,0.639854175030405
"beta-Hydroxyisovaleric acid","Firmicutes unclassified",-0.394534412955466,0.0129387919046291
"beta-Hydroxymyristic acid","Firmicutes unclassified",-0.0380566801619433,0.818080426269087
"Butyrylglycine","Firmicutes unclassified",-0.303643724696356,0.0602173023503967
"Carboxyibuprofen","Firmicutes unclassified",-0.0682220761033633,0.679850985097728
"Carnosine","Firmicutes unclassified",-0.367813765182186,0.0212407667189864
"Cellobiose B","Firmicutes unclassified",-0.359514170040486,0.0245847123918002
"Cerivastatin","Firmicutes unclassified",-0.164515317848508,0.316918045902824
"Chenodeoxycholic acid 3-sulfate","Firmicutes unclassified",-0.157911075361836,0.336999198554639
"Cholesterol 3-sulfate","Firmicutes unclassified",0.047165991902834,0.775546977744414
"Cholic acid","Firmicutes unclassified",-0.242724834563598,0.136522740820686
"Citraconic acid","Firmicutes unclassified",-0.140890688259109,0.392266459285843
"Citrulline","Firmicutes unclassified",-0.118825910931174,0.47122781973511
"Coniferylaldehyde","Firmicutes unclassified",-0.0422107502921741,0.798612541496303
"Cordycepin","Firmicutes unclassified",-0.122696904721853,0.456797603614328
"Cortodoxone","Firmicutes unclassified",0.0364372469635627,0.825699760412171
"Creatinine","Firmicutes unclassified",0.00141714749182359,0.993168488197926
"Cyclohexanesulfamic acid","Firmicutes unclassified",-0.336454274432611,0.0362345955578223
"Cysteic Acid","Firmicutes unclassified",-0.119230769230769,0.469707402598769
"Cytidine","Firmicutes unclassified",-0.240688259109312,0.13994643638447
"Cytidine-5-monophosphate","Firmicutes unclassified",0.23945731266153,0.142046258978671
"Daidzein","Firmicutes unclassified",0.143927125506073,0.382039382435308
"Dehydrocholic acid","Firmicutes unclassified",-0.152834008097166,0.35295774628886
"Dehydroepiandrosterone sulfate","Firmicutes unclassified",-0.17581861452751,0.284335476705565
"Dihydrocapsaicin","Firmicutes unclassified",0.0190293031267541,0.908459550013746
"Dihydroorotic acid","Firmicutes unclassified",-0.00769230769230769,0.962930765338182
"Dodecanedioic acid","Firmicutes unclassified",0.00425101214574899,0.979509459012543
"E-4031","Firmicutes unclassified",-0.174898785425101,0.286902533145996
"Enterolactone","Firmicutes unclassified",0.125303643724696,0.447216091136786
"Epicatechin","Firmicutes unclassified",0.0481805760017818,0.770846938772531
"Epitestosterone sulfate","Firmicutes unclassified",0.0115407979688871,0.944408887342231
"Ethyl sulfate","Firmicutes unclassified",-0.305668016194332,0.0584428571201558
"Ethyl-beta-glucuronide","Firmicutes unclassified",-0.209828432881709,0.199817147454309
"Ethylmalonic acid","Firmicutes unclassified",0.092914979757085,0.573711103308781
"Ezetimibe","Firmicutes unclassified",0.0959514170040486,0.561197347636843
"FAHFA 36:2","Firmicutes unclassified",0.0700404858299595,0.671790009439423
"Ferulic acid","Firmicutes unclassified",0.210334531369123,0.198709789801568
"Flavin adenine dinucleotide","Firmicutes unclassified",-0.0995140737141758,0.546678502496639
"Galactonic acid","Firmicutes unclassified",-0.328744939271255,0.0410127764770327
"gamma-Aminobutyric acid","Firmicutes unclassified",-0.195141700404858,0.233851268956126
"gamma-Glutamylleucine","Firmicutes unclassified",-0.217611336032389,0.183261446537644
"gamma-Glutamylmethionine","Firmicutes unclassified",-0.0710526315789474,0.667318744951104
"gamma-Glutamyltyrosine","Firmicutes unclassified",0.0879599171124965,0.594399548666083
"Gentisinic acid","Firmicutes unclassified",-0.221052631578947,0.176260927173219
"Ginkgolic acid I","Firmicutes unclassified",0.254466319471595,0.117982686152863
"Ginkgolic acid II","Firmicutes unclassified",0.0532388663967611,0.747537760124441
"Glucose","Firmicutes unclassified",-0.497368421052632,0.00127579748373785
"Glucuronic acid A","Firmicutes unclassified",-0.465991902834008,0.00279148954055808
"Glucuronic acid B","Firmicutes unclassified",-0.402226720647773,0.0111358869052878
"Glutamic acid","Firmicutes unclassified",-0.326113360323887,0.0427563977529406
"Glutamine","Firmicutes unclassified",-0.159514170040486,0.332054182280593
"Glutaric acid","Firmicutes unclassified",-0.246356275303644,0.130572298765564
"Glu-Thr","Firmicutes unclassified",-0.246469963370459,0.130389176896408
"Glu-Val-Phe","Firmicutes unclassified",-0.21417004048583,0.190457239725772
"Glyceraldehyde","Firmicutes unclassified",-0.497368421052632,0.00127579748373785
"Glyceric acid","Firmicutes unclassified",-0.282591093117409,0.0813181349456036
"Glycocholic acid","Firmicutes unclassified",-0.0823886639676113,0.618042801459084
"Glycodeoxycholic acid","Firmicutes unclassified",-0.205569646604026,0.209306888613983
"Gly-Tyr","Firmicutes unclassified",-0.136747811299175,0.406473854977
"Gly-Tyr-Ala","Firmicutes unclassified",-0.184210526315789,0.261604978404987
"Guanine","Firmicutes unclassified",-0.250404858299595,0.124168165768477
"Guanosine","Firmicutes unclassified",-0.321457489878543,0.0459881556652793
"Guanosine-3,5-cyclic monophosphate","Firmicutes unclassified",-0.309934713692134,0.0548391528334271
"Halometasone","Firmicutes unclassified",0.0667037806411222,0.686608589744517
"Histamine-trifluoromethyltoluide","Firmicutes unclassified",-0.13663967611336,0.406848586431915
"Histidine","Firmicutes unclassified",-0.35080971659919,0.02855011674581
"Homogentisic acid","Firmicutes unclassified",-0.172672064777328,0.29317878066418
"Homoserine","Firmicutes unclassified",0.0212550607287449,0.897805921184167
"Homovanillic acid","Firmicutes unclassified",-0.0465587044534413,0.778364011498109
"Hypoxanthine","Firmicutes unclassified",-0.401619433198381,0.0112699854865141
"Ile-Ile","Firmicutes unclassified",-0.310121457489879,0.0546855803356521
"Indolelactic acid","Firmicutes unclassified",-0.291407302853047,0.0718734132722618
"Indoxyl sulfate","Firmicutes unclassified",-0.0842190509426591,0.610231511376949
"Inosine","Firmicutes unclassified",-0.453036437246964,0.00377773585625274
"Isoleucine","Firmicutes unclassified",0.00283400809716599,0.986338839358597
"Isomaltose A","Firmicutes unclassified",-0.228993728119497,0.160840473818105
"Isorhamnetin","Firmicutes unclassified",0.0264183410429938,0.873162758782965
"Isoxanthopterin","Firmicutes unclassified",-0.20668016194332,0.206802741136943
"Kaempferol","Firmicutes unclassified",0.0840080971659919,0.611129624876391
"Ketoisovaleric acid","Firmicutes unclassified",0.100202429149798,0.5438939668064
"Kynurenic acid","Firmicutes unclassified",0.0204453441295547,0.901679699385704
"Lactose A","Firmicutes unclassified",-0.425852821292989,0.00687255118802743
"Lactulose","Firmicutes unclassified",-0.131781376518219,0.423887413808003
"Leu-Asp","Firmicutes unclassified",-0.158097165991903,0.336422853459196
"Levocetirizine","Firmicutes unclassified",0.134764348056024,0.41337871069694
"Liquiritigenin","Firmicutes unclassified",0.115789473684211,0.482713461334189
"L-Kynurenine","Firmicutes unclassified",-0.0678137651821862,0.681665892789993
"LPE 14:0","Firmicutes unclassified",0.0890688259109312,0.589741307366796
"LPE 18:1","Firmicutes unclassified",0.0427125506072875,0.796268732290823
"LPG 15:0","Firmicutes unclassified",0.176756432049797,0.281733609699863
"LPI 16:0","Firmicutes unclassified",-0.000809716599190283,0.996096643304355
"Lysine","Firmicutes unclassified",-0.36336032388664,0.0229844272875921
"Maleic acid","Firmicutes unclassified",0.181486917586544,0.268846110587262
"Malic acid","Firmicutes unclassified",-0.287651821862348,0.0757853797056449
"Maltotriose","Firmicutes unclassified",-0.407287449392713,0.0100702810821436
"Mannitol","Firmicutes unclassified",-0.164372469635628,0.317344262060629
"Methioninesulfoxide","Firmicutes unclassified",-0.239473684210526,0.142018180053402
"Methyl-4-hydroxy-3-methoxybenzoate","Firmicutes unclassified",-0.151121008341723,0.358443833795674
"Methylmalonic acid","Firmicutes unclassified",-0.0923076923076923,0.576228979638613
"Muramic acid","Firmicutes unclassified",-0.0807692307692308,0.624988558165871
"N-2-Fluorenylacetamide","Firmicutes unclassified",0.1887747358053,0.249762587262596
"N-Acetylaspartic acid","Firmicutes unclassified",-0.130364372469636,0.428931370964948
"N-Acetyl-D-glucosamine","Firmicutes unclassified",-0.126113360323887,0.444262310598754
"N-Acetylglucosamine","Firmicutes unclassified",-0.116801619433198,0.478868794781656
"N-Acetylglutamic acid","Firmicutes unclassified",-0.05,0.762438769222482
"N-Acetylglycine","Firmicutes unclassified",-0.211336032388664,0.196531170505815
"N-Acetylhistidine","Firmicutes unclassified",-0.165182186234818,0.314933076826015
"N-Acetylleucine","Firmicutes unclassified",0.0204453441295547,0.901679699385704
"N-Acetylmethionine","Firmicutes unclassified",-0.315991902834008,0.050030608238834
"N-Acetylneuraminic acid","Firmicutes unclassified",-0.224910167806637,0.168643273042059
"N-Acetylphenylalanine","Firmicutes unclassified",-0.30668016194332,0.0575713834483436
"N-Acetylserine","Firmicutes unclassified",-0.341414039609264,0.0334084489868229
"N-Acetylserotonin","Firmicutes unclassified",-0.0246976061857873,0.881363495329032
"N-Acetyltryptophan","Firmicutes unclassified",-0.0740928185573619,0.653956850948398
"Naringin","Firmicutes unclassified",0.0761249186282721,0.645084200902768
"N-Carbobenzyloxyleucine","Firmicutes unclassified",-0.00101240195599082,0.995119579561401
"N-Cinnamoylglycine","Firmicutes unclassified",-0.00799635610113605,0.961466627865228
"N-epsilon-Acetyllysine","Firmicutes unclassified",-0.214777327935223,0.189173118153951
"Nervonic acid","Firmicutes unclassified",-0.109114833886388,0.508464675822837
"N-Formylmethionine","Firmicutes unclassified",-0.27246963562753,0.0933217676468967
"Nicotinic acid","Firmicutes unclassified",-0.401012145748988,0.0114054559127299
"N-Isobutyrylglycine","Firmicutes unclassified",-0.121052631578947,0.462897810882742
"N-Isovalerylglycine","Firmicutes unclassified",-0.189473684210526,0.247981319262953
"Nitazoxanide","Firmicutes unclassified",0.145069855170309,0.378231529328197
"Nizatidine","Firmicutes unclassified",-0.0878631444930626,0.594806829423375
"N-Methylalanine","Firmicutes unclassified",-0.314574898785425,0.0511239604899774
"N-Methylanthranilic acid","Firmicutes unclassified",-0.0655936839072633,0.691564670732862
"N-Methylglutamic acid","Firmicutes unclassified",-0.177327935222672,0.280155658543665
"N-Methylisoleucine","Firmicutes unclassified",0.0150824983058368,0.927388716880056
"N-Methylphenylalanine","Firmicutes unclassified",-0.015587044534413,0.924966459785404
"N-Methylserine","Firmicutes unclassified",-0.217419910192914,0.183656573119995
"N-Methyltyrosine","Firmicutes unclassified",0.0609496838887229,0.712433609828699
"N-Methylvaline","Firmicutes unclassified",-0.0947368421052632,0.566187632533938
"Norepinephrine","Firmicutes unclassified",-0.246684888398149,0.130043510709936
"O-Acetylsalicylic acid","Firmicutes unclassified",-0.130769230769231,0.427486837205886
"Octadecanedioic acid","Firmicutes unclassified",-0.162457614459789,0.323092374745857
"Oleic acid","Firmicutes unclassified",-0.133805668016194,0.416739800319044
"Olmesartan","Firmicutes unclassified",-0.0479757085020243,0.771795339223596
"Omeprazole","Firmicutes unclassified",0.048997773832819,0.767067135508746
"Orlistat","Firmicutes unclassified",-0.00323886639676113,0.98438746889163
"Ornithine","Firmicutes unclassified",-0.39412955465587,0.0130401655468415
"Orotic acid","Firmicutes unclassified",-0.253643724696356,0.119216366502766
"O-Succinylhomoserine","Firmicutes unclassified",-0.040080971659919,0.8085794571059
"Otenzepad","Firmicutes unclassified",-0.271512457478555,0.0945239330351664
"Oxaprozin","Firmicutes unclassified",0.126524621853419,0.44276616042266
"Oxazepam","Firmicutes unclassified",0.00708502024291498,0.965855496883442
"Palmitic acid","Firmicutes unclassified",-0.0496988714640228,0.763828558922691
"Pantoprazole","Firmicutes unclassified",-0.167983002842621,0.306682064025499
"PE-Cer 23:3;2O/18:2;O","Firmicutes unclassified",-0.0172064777327935,0.917196394908832
"Penciclovir","Firmicutes unclassified",0.0459583950229196,0.781151423540668
"PG O-18:2_11:0","Firmicutes unclassified",0.0668016194331984,0.686172398884832
"Phenylacetylglutamine","Firmicutes unclassified",-0.107894736842105,0.513245369914109
"Phenylalanine","Firmicutes unclassified",-0.0753036437246964,0.648664346280539
"Phenyl-beta-glucopyranoside","Firmicutes unclassified",-0.0117408906882591,0.94344659249861
"Phloretin","Firmicutes unclassified",0.0529379017834703,0.748918690890879
"Phlorobenzophenone","Firmicutes unclassified",0.223999190529292,0.170420480051894
"Phthalic acid","Firmicutes unclassified",0.0491902834008097,0.766177485933652
"Piceid","Firmicutes unclassified",0.0504048582995951,0.760571396170315
"Pizotifen","Firmicutes unclassified",0.0281376518218623,0.86498183926167
"Proline","Firmicutes unclassified",-0.121052631578947,0.462897810882742
"Proline-hydroxyproline","Firmicutes unclassified",-0.0313812829451654,0.849586191443223
"Propionic acid","Firmicutes unclassified",-0.260337061925594,0.109455196954159
"Pseudouridine","Firmicutes unclassified",-0.236234817813765,0.147653113704794
"Purine","Firmicutes unclassified",-0.0898785425101215,0.586350122929913
"Pyridoxamine","Firmicutes unclassified",-0.0322890834969924,0.845286965252706
"Pyridoxine","Firmicutes unclassified",-0.198582995951417,0.225544545403745
"Pyroglutamic acid","Firmicutes unclassified",-0.318623481781377,0.0480499909970742
"Pyrrole-2-carboxylic acid","Firmicutes unclassified",-0.277544410497659,0.0871435212886551
"Pyruvic acid","Firmicutes unclassified",-0.209716599190283,0.200062424437276
"Quinic acid","Firmicutes unclassified",-0.0305668016194332,0.853447127076097
"Ribose A","Firmicutes unclassified",-0.254048582995951,0.118607977798241
"Riluzole","Firmicutes unclassified",-0.225034167700331,0.168402399121059
"S-Adenosyl-homocysteine","Firmicutes unclassified",-0.0447391062873688,0.786821209468351
"Salicylic acid","Firmicutes unclassified",0.0595141700404858,0.718927283695831
"Serine","Firmicutes unclassified",-0.371457489878542,0.019897581658447
"Ser-Val","Firmicutes unclassified",-0.246356275303644,0.130572298765564
"Sodium lauryl sulfate","Firmicutes unclassified",0.00910931174089069,0.956108316439713
"Sorbose","Firmicutes unclassified",-0.346558704453441,0.0306705693951967
"Stavudine","Firmicutes unclassified",-0.142307692307692,0.387474164607813
"Sucrose","Firmicutes unclassified",0.247165991902834,0.129272219029143
"Syringic acid","Firmicutes unclassified",0.012753036437247,0.938580176292017
"Taurine","Firmicutes unclassified",-0.304251012145749,0.0596805310893935
"Taurocholic acid","Firmicutes unclassified",-0.193927125506073,0.236832052418014
"Threonic acid","Firmicutes unclassified",-0.418847108183557,0.00795782571022885
"Threonine","Firmicutes unclassified",-0.287246963562753,0.0762168620707564
"Thymidine","Firmicutes unclassified",-0.169028340080972,0.303638094615287
"Thymidine-5-monophosphate","Firmicutes unclassified",-0.035537108048076,0.829941722099341
"Tomelukast","Firmicutes unclassified",0.268940736211626,0.0978128246840178
"Toradol","Firmicutes unclassified",-0.107894736842105,0.513245369914109
"Torasemide","Firmicutes unclassified",0.155465587044534,0.344629644384741
"Tyrosine","Firmicutes unclassified",-0.110526315789474,0.502962150109253
"Tyr-Tyr","Firmicutes unclassified",-0.173684210526316,0.290315074859923
"Uracil","Firmicutes unclassified",-0.274696356275304,0.0905706434197908
"Valine","Firmicutes unclassified",-0.0340080971659919,0.837158126256806
"Val-Val","Firmicutes unclassified",-0.235425101214575,0.149087093484537
"Valylphenylalanine","Firmicutes unclassified",-0.12085020242915,0.463651815655173
"Vanillic acid","Firmicutes unclassified",-0.101012145748988,0.540627184312191
"Vanillin","Firmicutes unclassified",0.2790627059599,0.0853579968979514
"Vardenafil","Firmicutes unclassified",0.0123488030928936,0.940523484016962
"Vincristine","Firmicutes unclassified",-0.126366960547071,0.443339398092761
"Vitexin","Firmicutes unclassified",-0.160161989437747,0.330068695427956
"Willardiine","Firmicutes unclassified",-0.166219569664392,0.311860858720788
"Xanthine","Firmicutes unclassified",-0.423076923076923,0.00728627475471466
"Xanthosine","Firmicutes unclassified",-0.294650539372241,0.0686242330712314
"Xylose","Firmicutes unclassified",0.044331983805668,0.788716791658073
"Zeranol","Firmicutes unclassified",-0.0545574169431941,0.741496994407423
"Riboflavin","Firmicutes unclassified",-0.196761133603239,0.229916697419394
"1-(Benzo[d[1,3dioxol-4-yl)-2-(ethylamino)propan-1-one","Firmicutes unclassified",0.0437269093125414,0.791536262378584
"1,5-Pentanediamine","Firmicutes unclassified",-0.129358773382935,0.432531095051848
"1-Hexadecylpyridinium cation","Firmicutes unclassified",0.160931174089069,0.327720830841495
"1-palmitoyl-2-hydroxy-sn-glycero-3-phosphoethanolamine","Firmicutes unclassified",-0.111336032388664,0.499819224959221
"1-Stearoyl-2-hydroxy-sn-glycero-3-phosphocholine","Firmicutes unclassified",-0.296761133603239,0.0665727066373119
"2-Deoxyinosine","Firmicutes unclassified",-0.331578947368421,0.0392000754792772
"3-(Hydroxymethyl)-6,7-dimethylquinolin-2-ol","Firmicutes unclassified",-0.0481781376518219,0.770858224785076
"4-Hydroxyquinoline-2-carbaldehyde","Firmicutes unclassified",0.0255060728744939,0.877508905251363
"4-Methyl-5-thiazoleethanol","Firmicutes unclassified",0.0998026217179765,0.545510444368796
"alpha-Chaconine","Firmicutes unclassified",-0.0232911422260719,0.888075578667479
"Arg-Leu","Firmicutes unclassified",-0.06417004048583,0.697939160250695
"Benzyldimethyltetradecylammonium cation","Firmicutes unclassified",0.142307692307692,0.387474164607813
"Cholic Acid","Firmicutes unclassified",-0.189473684210526,0.247981319262953
"Choline cation","Firmicutes unclassified",-0.00931174089068826,0.955133921306211
"Citalopram","Firmicutes unclassified",0.288259109311741,0.0751417416230633
"Cyclohexylamine","Firmicutes unclassified",-0.00425101214574899,0.979509459012543
"D-erythro-N-stearoylsphingosine","Firmicutes unclassified",-0.301214574898785,0.0624028650209989
"Desloratadine","Firmicutes unclassified",-0.15487397589215,0.346491346547476
"Deuteroporphyrin IX","Firmicutes unclassified",0.0180161943319838,0.913314159496592
"Ethylhexadecyldimethylammonium cation","Firmicutes unclassified",-0.137152690089106,0.405072544192402
"Eutylone","Firmicutes unclassified",0.00404858299595142,0.980485007817874
"Gln-Ile","Firmicutes unclassified",0.044331983805668,0.788716791658073
"Gly-Ile","Firmicutes unclassified",-0.131376518218623,0.425325139056764
"Gly-Val","Firmicutes unclassified",-0.175303643724696,0.285770813519641
"Guanidine","Firmicutes unclassified",-0.251951166280075,0.121785218470394
"Hematoporphyrin","Firmicutes unclassified",-0.0361349409025135,0.827123859108856
"Heptadecasphinganine","Firmicutes unclassified",-0.232793522267206,0.153817896075553
"Histamine","Firmicutes unclassified",-0.0277341971102693,0.866900366428525
"Indole-6-carboxaldehyde","Firmicutes unclassified",-0.0769230769230769,0.641612367856151
"Lidocaine-N-Oxide","Firmicutes unclassified",0.138461538461538,0.400561524792547
"L-Isoleucine","Firmicutes unclassified",0.122874493927126,0.456141354871266
"Lithocholic acid","Firmicutes unclassified",-0.119230769230769,0.469707402598769
"L-Phenylalanine","Firmicutes unclassified",-0.0236842105263158,0.88619893921549
"L-Tyrosine","Firmicutes unclassified",-0.139878542510121,0.395710525182543
"L-Valine","Firmicutes unclassified",0.138866396761134,0.399172041748597
"Maltose","Firmicutes unclassified",-0.288259109311741,0.0751417416230633
"Mesoporphyrin IX","Firmicutes unclassified",0.146963562753036,0.371970802157657
"Metformin","Firmicutes unclassified",0.0854423989977257,0.605034354706173
"Methionine","Firmicutes unclassified",-0.173886639676113,0.2897445070205
"N,N-Dimethylaniline","Firmicutes unclassified",0.0184210526315789,0.911373779655611
"N-Acetyldihydrosphingosine","Firmicutes unclassified",-0.131578947368421,0.424605935452993
"Nicotinate","Firmicutes unclassified",-0.236234817813765,0.147653113704794
"N-Methyl-2-pyrrolidone","Firmicutes unclassified",-0.0850202429149798,0.606825653049841
"N-Methyltyramine","Firmicutes unclassified",-0.051520826018712,0.755431043863113
"n-Octadecylamine","Firmicutes unclassified",-0.0894827416265753,0.58800669863547
"Norverapamil","Firmicutes unclassified",-0.0301695782885263,0.855331336665687
"O-Benzyl-L-serine","Firmicutes unclassified",0.237449392712551,0.145521130855989
"Palmitoyl-L-carnitine","Firmicutes unclassified",-0.245546558704453,0.13188207780669
"Pantothenic acid","Firmicutes unclassified",-0.197975708502024,0.226995558329211
"Peimine","Firmicutes unclassified",0.08582995951417,0.60339185692976
"Phenylethylamine","Firmicutes unclassified",0.105060728744939,0.524435773964935
"Piperine","Firmicutes unclassified",0.0704453441295547,0.670000156569875
"Promecarb","Firmicutes unclassified",-0.0469659396319889,0.776474652516675
"Quinolin-2-ol","Firmicutes unclassified",-0.153441295546559,0.351025129645615
"Quinoline-2,6-diol","Firmicutes unclassified",-0.236842105263158,0.146584279686463
"Quinoline-2,8-diol","Firmicutes unclassified",-0.0493927125506073,0.765242313513773
"Roquefortine A","Firmicutes unclassified",0.00303643724696356,0.985363143629953
"Sertraline","Firmicutes unclassified",-0.0822966086489451,0.618436758486863
"Solanidine","Firmicutes unclassified",-0.238866396761134,0.143062480219873
"Stearoyl ethanolamide","Firmicutes unclassified",-0.425303643724696,0.00695275687144004
"TAG 39:3","Firmicutes unclassified",-0.0712550607287449,0.666425843427298
"Theophylline","Firmicutes unclassified",-0.0147773279352227,0.9288541124837
"Thr-Leu","Firmicutes unclassified",0.0340080971659919,0.837158126256806
"Tomatidine","Firmicutes unclassified",-0.0291497975708502,0.860172215793082
"trans-Zeatin","Firmicutes unclassified",-0.0437246963562753,0.791546578933605
"Trihydroxycholestanoic acid","Firmicutes unclassified",-0.446558704453441,0.00437586933497713
"Tryptamine","Firmicutes unclassified",0.054251012145749,0.742899400964388
"Tryptophan","Firmicutes unclassified",-0.209311740890688,0.200952134158259
"Tyramine","Firmicutes unclassified",-0.173481781376518,0.290886367113477
"(15:3)-Anacardic acid","Prevotellaceae",-0.184606650273094,0.260562693758379
"(2-oxo-2,3-dihydro-1H-indol-3-yl)acetic acid","Prevotellaceae",0.018874149048392,0.909202808398895
"[(1-Benzyl-1H-indazol-3-yl)oxyacetic acid","Prevotellaceae",-0.176149809310863,0.283414840033849
"1,3,7-Trimethyluric acid","Prevotellaceae",0.111919416694063,0.497561022468964
"1,4-Butynediol","Prevotellaceae",-0.0163988508125373,0.921070498103621
"1,5-Anhydrosorbitol","Prevotellaceae",-0.36450611422945,0.0225248137987351
"1,7-Dimethyluric acid","Prevotellaceae",-0.166661646280067,0.310557421735018
"10-Hydroxydecanoic acid","Prevotellaceae",-0.00144385089599068,0.99303976466986
"12-Ketodeoxycholic acid","Prevotellaceae",-0.222971831223703,0.172440830157715
"13-Hydroxy-9Z,11E-octadecadienoic acid","Prevotellaceae",0.000206264413712954,0.999005668822173
"1-Methylpseudouridine","Prevotellaceae",0.0802490414182646,0.627226484369371
"1-Methylxanthine","Prevotellaceae",0.18295653496339,0.264922687384426
"1-Palmitoyl-2-hydroxy-sn-glycero-3-phospho-(1-rac-glycerol)","Prevotellaceae",0.0540440114828275,0.743847301014626
"2,3-Dihydroxybenzoic acid A","Prevotellaceae",0.0998319762370697,0.545391682236048
"2,6-Diaminopimelic acid","Prevotellaceae",-0.0484794980290288,0.769463717757892
"2,8-Quinolinediol","Prevotellaceae",0.0604354732178955,0.714757417942079
"2-[4-(Acetylamino)phenyl-4-quinolinecarboxylic acid","Prevotellaceae",-0.256799195072628,0.114536201595187
"2-{[2-Hydroxy-1,1-bis(hydroxymethyl)ethylammonio}ethanesulfonate","Prevotellaceae",-0.177450268868891,0.279818638282162
"2-Amino-3-methoxybenzoic acid","Prevotellaceae",0.182346970041296,0.266545420615107
"2-Aminonicotinic acid","Prevotellaceae",0.00928189861708293,0.955277563440488
"2-Aminophenol","Prevotellaceae",-0.0330023061940726,0.841912324201805
"2-Deoxycytidine","Prevotellaceae",0.183987857031955,0.262192078994353
"2-Deoxyribose","Prevotellaceae",0.0383651809506094,0.816630792908817
"2-Deoxyuridine","Prevotellaceae",0.111382783404995,0.499638066018081
"2-Dodecoxyethyl hydrogen sulfate","Prevotellaceae",-0.125821292364902,0.445326517895439
"2-Hydroxybenzaldehyde","Prevotellaceae",0.114069993702304,0.489281637228566
"2-Hydroxycinnamic acid","Prevotellaceae",0.130977902707726,0.426743358391227
"2-Hydroxyisobutyric acid","Prevotellaceae",0.158204805317836,0.336089759212264
"2-Hydroxynicotinic acid","Prevotellaceae",0.126440085606041,0.443073473573793
"2-Hydroxypalmitic acid","Prevotellaceae",-0.223292528359392,0.171808329226049
"2-Hydroxyphenylacetic acid","Prevotellaceae",0.354689609712679,0.0267218612437388
"2-Hydroxyquinoline","Prevotellaceae",0.158823598558975,0.334178827992381
"2-Ketogluconic acid","Prevotellaceae",0.053835011979081,0.744804731898477
"2-Methylglutaric acid","Prevotellaceae",-0.124171177055198,0.451365137269224
"2-Propanamidoacetic acid","Prevotellaceae",-0.0179459122099465,0.913651054100655
"3-(1-Pyrazolyl)-alanine","Prevotellaceae",-0.136670925294602,0.406740275286335
"3-(3-Hydroxyphenyl)propionic acid","Prevotellaceae",0.220290393845435,0.177794789517509
"3-(Hydroxymethyl)phenol","Prevotellaceae",-0.0158839676262975,0.923541283131843
"3,4-Dihydroxybenzoic acid","Prevotellaceae",-0.119014566712374,0.470519012449414
"3,4-Dihydroxyphenylacetic acid","Prevotellaceae",-0.174508525627756,0.287996187047239
"3-[3-Tert-butylsulfanyl-1-[(4-chlorophenyl)methyl-5-propan-2-ylindol-2-yl-2,2-dimethylpropanoic acid","Prevotellaceae",0.106654895663863,0.518126309846415
"3-Carboxy-4-methyl-5-propyl-2-furanpropionic acid","Prevotellaceae",0.0877699499463477,0.595199166849664
"3-Deoxyuridine","Prevotellaceae",-0.0818869722440427,0.620191099659513
"3-Hydroxyglutaric acid","Prevotellaceae",-0.170993198968039,0.297968804027453
"3-Hydroxyphenylacetic acid","Prevotellaceae",-0.0750802465915152,0.649639543671837
"3-Hydroxypropanoic acid","Prevotellaceae",0.252673906798369,0.1206832626732
"3-Indoleacetic acid","Prevotellaceae",0.292482938644969,0.0707826863831467
"3-Indolepropionic acid","Prevotellaceae",0.119123727600507,0.470109136990739
"3-Isochromanone","Prevotellaceae",0.190794582684482,0.24463833618714
"3-Methyladipic acid","Prevotellaceae",0.00453781710168499,0.978127336023434
"3-Methylglutaric acid","Prevotellaceae",-0.0396027674328872,0.810821512073495
"3-Methylhistidine","Prevotellaceae",-0.145828940495058,0.375714507564823
"3-O-Methylguanosine","Prevotellaceae",0.0425957571419995,0.796814094772421
"3-O-Methyluridine","Prevotellaceae",0.489977178272951,0.00154450679140528
"4,5,7-Trihydroxyisoflavone","Prevotellaceae",0.0247517296455545,0.881105361488722
"4,6-Dihydroxypyrimidine","Prevotellaceae",0.0144385089599068,0.930481355930427
"4-Acetylbutyric acid","Prevotellaceae",-0.126646350019754,0.44232384949317
"4-Hydroxybenzoic acid","Prevotellaceae",0.157998540904123,0.33672823147028
"4-Hydroxyhippuric acid","Prevotellaceae",-0.198506749372105,0.225726374612685
"4-Hydroxymandelonitrile","Prevotellaceae",0.104906692695493,0.525047417640968
"4-Hydroxyquinoline","Prevotellaceae",0.121077210849504,0.462806303071174
"4-Isopropylbenzoic acid","Prevotellaceae",0.0674552910883023,0.683260737630745
"4-Pregnen-17.alpha., 20.alpha.-diol-3-one","Prevotellaceae",-0.333184481225607,0.038202427019056
"4-Pyridoxic acid","Prevotellaceae",-0.0294958111609524,0.858529122155149
"4-Thiouridine","Prevotellaceae",0.219590695301216,0.17921116870838
"5-(Acetylamino)-2-hydroxybenzoic acid","Prevotellaceae",0.0327960417803597,0.84288798895274
"5-Aminosalicylic acid","Prevotellaceae",-0.107876288371875,0.513317828196934
"5-Hydroxytryptophan","Prevotellaceae",-0.0424969216765103,0.797275677413791
"5-Methylcytidine","Prevotellaceae",-0.0544565611888033,0.741958517864596
"5-Methyluridine","Prevotellaceae",0.126033935175601,0.444551573957118
"6,6-Dihydroxy-5,5-dimethoxybiphenyl-3,3-dicarboxylic acid","Prevotellaceae",-0.37498870413015,0.0186644279413049
"6,7-Dihydroxycoumarin","Prevotellaceae",-0.0388828097882175,0.814199828017628
"6-Methyl-1,2,3-oxathiazin-4(3H)-one 2,2-dioxide","Prevotellaceae",0.0449747473109488,0.785724605741329
"8-(3-Octyl-2-oxiranyl)octanoic acid","Prevotellaceae",-0.217723107328719,0.183031016208388
"9,10-Dihydroxy-12Z-octadecenoic acid","Prevotellaceae",-0.032178877066111,0.845808655718327
"Abscisic acid","Prevotellaceae",-0.135103190981985,0.412194434213094
"Acetylenedicarboxylic acid","Prevotellaceae",0.00433155268797203,0.979121325230303
"Aconitic acid","Prevotellaceae",0.0601291196459703,0.716143091189328
"Adenine","Prevotellaceae",0.257830517141192,0.113037014440517
"Adipic acid","Prevotellaceae",-0.0699236362486914,0.672306926539867
"Ala-Ala","Prevotellaceae",0.143560031944216,0.383267394203433
"Ala-Ile","Prevotellaceae",-0.139022214842531,0.398638012561788
"Ala-Leu","Prevotellaceae",-0.0486784016362571,0.768543707676173
"Alanine","Prevotellaceae",-0.0107257495130736,0.948329444342722
"Ala-Val","Prevotellaceae",-0.0794117992794873,0.630835324159645
"Albendazole","Prevotellaceae",0.113875246434144,0.490028442294229
"alpha-Hydroxyhippuric acid","Prevotellaceae",-0.151635042539208,0.356792204776642
"Anacardic acid diene","Prevotellaceae",-0.0800346429593018,0.628149815426607
"Arabinose","Prevotellaceae",0.221734244741426,0.174897337267769
"Arabitol","Prevotellaceae",-0.162330093592095,0.323477470227281
"Arachidonyl dopamine","Prevotellaceae",0.102002914802512,0.536642789729724
"Arginine","Prevotellaceae",-0.0783804772109225,0.635292347017683
"Asparagine","Prevotellaceae",-0.169042242023577,0.303597743004324
"Aspartic acid","Prevotellaceae",-0.0957066879628106,0.562201214491468
"Asp-Phe","Prevotellaceae",-0.0977693320999402,0.55376650121234
"Benzoic acid","Prevotellaceae",0.0585790934944789,0.723167707458424
"Benzylsuccinic acid","Prevotellaceae",-0.0462032286717017,0.780014261668233
"beta-Hydroxyisovaleric acid","Prevotellaceae",0.067242198870423,0.684209424350805
"beta-Hydroxymyristic acid","Prevotellaceae",-0.265256036034859,0.102676935984253
"Butyrylglycine","Prevotellaceae",0.221940509155138,0.174486190182192
"Carboxyibuprofen","Prevotellaceae",-0.249180022409372,0.126080325819463
"Carnosine","Prevotellaceae",-0.193269755649038,0.238456047668114
"Cellobiose B","Prevotellaceae",-0.117364451402671,0.476737818721286
"Cerivastatin","Prevotellaceae",-0.0830424419422837,0.615247948104294
"Chenodeoxycholic acid 3-sulfate","Prevotellaceae",-0.261660963022798,0.107598418987952
"Cholesterol 3-sulfate","Prevotellaceae",-0.446149926861119,0.00441623021717685
"Cholic acid","Prevotellaceae",-0.0977742803162604,0.553746338279299
"Citraconic acid","Prevotellaceae",0.0639419682510157,0.698962289168189
"Citrulline","Prevotellaceae",-0.132215489190004,0.422348833634815
"Coniferylaldehyde","Prevotellaceae",0.00701369999083265,0.966199008981644
"Cordycepin","Prevotellaceae",0.0897431884415721,0.586916397187653
"Cortodoxone","Prevotellaceae",-0.232047465427073,0.155178773615905
"Creatinine","Prevotellaceae",-0.06456729697443,0.696158330328129
"Cyclohexanesulfamic acid","Prevotellaceae",0.128509233411456,0.435585198409962
"Cysteic Acid","Prevotellaceae",-0.0198013837164436,0.904762088523781
"Cytidine","Prevotellaceae",0.116126864920393,0.481430086826697
"Cytidine-5-monophosphate","Prevotellaceae",0.113588805828285,0.491127934831473
"Daidzein","Prevotellaceae",0.19553866419988,0.232882601132918
"Dehydrocholic acid","Prevotellaceae",-0.119633359953513,0.468198082911301
"Dehydroepiandrosterone sulfate","Prevotellaceae",-0.248354922997421,0.127380773876483
"Dihydrocapsaicin","Prevotellaceae",0.071989923692774,0.663188226466751
"Dihydroorotic acid","Prevotellaceae",0.0204201769575824,0.901800138503439
"Dodecanedioic acid","Prevotellaceae",0.215340047916324,0.18798870817927
"E-4031","Prevotellaceae",0.132421753603716,0.421618893288061
"Enterolactone","Prevotellaceae",0.110557725750143,0.5028400455719
"Epicatechin","Prevotellaceae",-0.175333625039707,0.28568712052788
"Epitestosterone sulfate","Prevotellaceae",-0.255200745062586,0.116889372008228
"Ethyl sulfate","Prevotellaceae",0.112620369887273,0.494854631815658
"Ethyl-beta-glucuronide","Prevotellaceae",-0.0354792747139173,0.830214429250649
"Ethylmalonic acid","Prevotellaceae",-0.151191815251595,0.358216052708
"Ezetimibe","Prevotellaceae",-0.103751000097616,0.529647559393488
"FAHFA 36:2","Prevotellaceae",-0.426554807558389,0.00677118928177212
"Ferulic acid","Prevotellaceae",0.107262923553703,0.515729786303164
"Flavin adenine dinucleotide","Prevotellaceae",-0.344840780413995,0.0315634846862705
"Galactonic acid","Prevotellaceae",0.144178825185355,0.381198728239106
"gamma-Aminobutyric acid","Prevotellaceae",0.105401115407319,0.523085414966906
"gamma-Glutamylleucine","Prevotellaceae",-0.159854920627539,0.331008903055307
"gamma-Glutamylmethionine","Prevotellaceae",-0.254736550935498,0.117579511101501
"gamma-Glutamyltyrosine","Prevotellaceae",0.0430083068479753,0.794888137349339
"Gentisinic acid","Prevotellaceae",-0.0645607614921546,0.696187614769123
"Ginkgolic acid I","Prevotellaceae",-0.312093852570679,0.0530844464584188
"Ginkgolic acid II","Prevotellaceae",-0.212039817296917,0.195010259615822
"Glucose","Prevotellaceae",0.149129171114466,0.364887181860865
"Glucuronic acid A","Prevotellaceae",0.158204805317836,0.336089759212264
"Glucuronic acid B","Prevotellaceae",0.154698310284715,0.347045317015708
"Glutamic acid","Prevotellaceae",0.120870946435791,0.463574518568137
"Glutamine","Prevotellaceae",-0.192238433580473,0.241019025099642
"Glutaric acid","Prevotellaceae",0.0655920835607194,0.691571824770961
"Glu-Thr","Prevotellaceae",-0.254646306013552,0.117714037638197
"Glu-Val-Phe","Prevotellaceae",-0.0528036899105162,0.749534751112149
"Glyceraldehyde","Prevotellaceae",0.219052807363157,0.180305454597122
"Glyceric acid","Prevotellaceae",0.163155151246947,0.320990983272309
"Glycocholic acid","Prevotellaceae",-0.118395773471236,0.472846018280076
"Glycodeoxycholic acid","Prevotellaceae",-0.0475680263430637,0.773683608578772
"Gly-Tyr","Prevotellaceae",0.148930443857257,0.36553382257372
"Gly-Tyr-Ala","Prevotellaceae",-0.238647926665888,0.143439542731582
"Guanine","Prevotellaceae",-0.00618793241138862,0.970176718853932
"Guanosine","Prevotellaceae",-0.0457906998442758,0.781930564863984
"Guanosine-3,5-cyclic monophosphate","Prevotellaceae",0.0562098974392003,0.733947923783031
"Halometasone","Prevotellaceae",-0.127168446867035,0.440429512380798
"Histamine-trifluoromethyltoluide","Prevotellaceae",0.00165011530970363,0.992045474948965
"Histidine","Prevotellaceae",-0.0690985785938396,0.675961017988874
"Homogentisic acid","Prevotellaceae",0.00886936978965702,0.957263361237084
"Homoserine","Prevotellaceae",-0.00845684096223111,0.959249413372077
"Homovanillic acid","Prevotellaceae",0.127265143260893,0.440079156683788
"Hypoxanthine","Prevotellaceae",0.155935896766993,0.343154032024626
"Ile-Ile","Prevotellaceae",-0.0769366263149318,0.641553495178109
"Indolelactic acid","Prevotellaceae",0.175326177932921,0.285707907681126
"Indoxyl sulfate","Prevotellaceae",0.0915906704685205,0.57920824494473
"Inosine","Prevotellaceae",0.165836588625215,0.312992846606031
"Isoleucine","Prevotellaceae",-0.182337741722251,0.266570037753594
"Isomaltose A","Prevotellaceae",-0.15699900322767,0.33983278998021
"Isorhamnetin","Prevotellaceae",-0.0561067600127064,0.7344183767622
"Isoxanthopterin","Prevotellaceae",-0.0561039205299235,0.734431330184727
"Kaempferol","Prevotellaceae",-0.0845684096223111,0.608745390746205
"Ketoisovaleric acid","Prevotellaceae",0.0414591471563037,0.802126381183474
"Kynurenic acid","Prevotellaceae",-0.263812185138868,0.104632447061424
"Lactose A","Prevotellaceae",-0.0665270072659862,0.687396945274411
"Lactulose","Prevotellaceae",-0.389220948676344,0.0143237932993838
"Leu-Asp","Prevotellaceae",-0.114889278438115,0.48614634114135
"Levocetirizine","Prevotellaceae",-0.0100073698141177,0.951786001834972
"Liquiritigenin","Prevotellaceae",-0.0187700616478788,0.909701476993779
"L-Kynurenine","Prevotellaceae",-0.182337741722251,0.266570037753594
"LPE 14:0","Prevotellaceae",0.0827120298988945,0.616659769887011
"LPE 18:1","Prevotellaceae",0.0435217912934333,0.792492648217013
"LPG 15:0","Prevotellaceae",-0.171440435850452,0.296687909150345
"LPI 16:0","Prevotellaceae",-0.339923753798948,0.0342379576680747
"Lysine","Prevotellaceae",-0.0800305925206262,0.628167264472761
"Maleic acid","Prevotellaceae",0.150993192387136,0.35885523022936
"Malic acid","Prevotellaceae",-0.0594041511493307,0.719425774310053
"Maltotriose","Prevotellaceae",-0.317647197117949,0.0487772739515986
"Mannitol","Prevotellaceae",0.106226173062171,0.519819419439604
"Methioninesulfoxide","Prevotellaceae",-0.0845684096223111,0.608745390746205
"Methyl-4-hydroxy-3-methoxybenzoate","Prevotellaceae",0.00804471926652775,0.961233747620666
"Methylmalonic acid","Prevotellaceae",-0.098800654168505,0.549571551292417
"Muramic acid","Prevotellaceae",0.0148510377873327,0.928500144255584
"N-2-Fluorenylacetamide","Prevotellaceae",-0.223705078065368,0.170997120536996
"N-Acetylaspartic acid","Prevotellaceae",0.0323835129529338,0.844840010883429
"N-Acetyl-D-glucosamine","Prevotellaceae",-0.0773491551423577,0.639762075868501
"N-Acetylglucosamine","Prevotellaceae",-0.0109320139267866,0.94733715150583
"N-Acetylglutamic acid","Prevotellaceae",0.0587853579081919,0.722231625104129
"N-Acetylglycine","Prevotellaceae",0.00618793241138862,0.970176718853932
"N-Acetylhistidine","Prevotellaceae",0.00309396620569431,0.985085861448368
"N-Acetylleucine","Prevotellaceae",0.157173483249271,0.339289592406166
"N-Acetylmethionine","Prevotellaceae",-0.0579603002533401,0.725978333441135
"N-Acetylneuraminic acid","Prevotellaceae",-0.162957133860434,0.321586656084567
"N-Acetylphenylalanine","Prevotellaceae",0.198013837164436,0.22690426888494
"N-Acetylserine","Prevotellaceae",0.0612636313374037,0.711016082329675
"N-Acetylserotonin","Prevotellaceae",0.120567651571422,0.464705352261312
"N-Acetyltryptophan","Prevotellaceae",-0.0103137426493946,0.950311747552805
"Naringin","Prevotellaceae",-0.205573701216711,0.209297707572146
"N-Carbobenzyloxyleucine","Prevotellaceae",-0.0495159902264549,0.76467296187547
"N-Cinnamoylglycine","Prevotellaceae",-0.0102106052229006,0.950808022910471
"N-epsilon-Acetyllysine","Prevotellaceae",0.159854920627539,0.331008903055307
"Nervonic acid","Prevotellaceae",-0.0433177191274571,0.793444454798913
"N-Formylmethionine","Prevotellaceae",0.0053628747565368,0.97415171961458
"Nicotinic acid","Prevotellaceae",0.284644890923877,0.0790360690738128
"N-Isobutyrylglycine","Prevotellaceae",-0.0507410457733867,0.759021776612244
"N-Isovalerylglycine","Prevotellaceae",0.126852614433467,0.441574921636565
"Nitazoxanide","Prevotellaceae",-0.0474504214748542,0.774228560582746
"Nizatidine","Prevotellaceae",0.0418759146511479,0.800177461832777
"N-Methylalanine","Prevotellaceae",0.110145196922717,0.504444925385077
"N-Methylanthranilic acid","Prevotellaceae",-0.163584238021479,0.319702584215801
"N-Methylglutamic acid","Prevotellaceae",0.0618793241138862,0.708238906257779
"N-Methylisoleucine","Prevotellaceae",-0.0421853425919199,0.798731262277959
"N-Methylphenylalanine","Prevotellaceae",-0.107257495130736,0.515751157841613
"N-Methylserine","Prevotellaceae",0.0220714092697043,0.893902777791864
"N-Methyltyrosine","Prevotellaceae",-0.0319806963380125,0.846746958085565
"N-Methylvaline","Prevotellaceae",-0.354155998345142,0.0269674030099654
"Norepinephrine","Prevotellaceae",0.0652892955028981,0.69292585426505
"O-Acetylsalicylic acid","Prevotellaceae",-0.0950878947216718,0.564743178007852
"Octadecanedioic acid","Prevotellaceae",0.100971540537573,0.54079078079865
"Oleic acid","Prevotellaceae",0.190794582684482,0.24463833618714
"Olmesartan","Prevotellaceae",-0.159029862972688,0.333543346588489
"Omeprazole","Prevotellaceae",0.0413643891552534,0.802569660828125
"Orlistat","Prevotellaceae",0.112620369887273,0.494854631815658
"Ornithine","Prevotellaceae",0.0156760954421845,0.924539007237229
"Orotic acid","Prevotellaceae",0.00123758648227772,0.994034064754835
"O-Succinylhomoserine","Prevotellaceae",-0.0525974254968033,0.750481846009189
"Otenzepad","Prevotellaceae",0.37795292235623,0.0176793688608805
"Oxaprozin","Prevotellaceae",-0.178118335555044,0.277982825467882
"Oxazepam","Prevotellaceae",-0.0952941591353847,0.563895268076606
"Palmitic acid","Prevotellaceae",-0.00154706139740918,0.992542241005407
"Pantoprazole","Prevotellaceae",0.121642129682803,0.460705796877776
"PE-Cer 23:3;2O/18:2;O","Prevotellaceae",-0.182750270549677,0.265471055153943
"Penciclovir","Prevotellaceae",0.103869903223898,0.52917337012855
"PG O-18:2_11:0","Prevotellaceae",-0.314759495325968,0.0509804498706972
"Phenylacetylglutamine","Prevotellaceae",-0.101069562719347,0.540395894535397
"Phenylalanine","Prevotellaceae",-0.181925212894825,0.267672017206694
"Phenyl-beta-glucopyranoside","Prevotellaceae",-0.0383651809506094,0.816630792908817
"Phloretin","Prevotellaceae",-0.0598197073664884,0.717543509706903
"Phlorobenzophenone","Prevotellaceae",-0.0212463098577528,0.897847774049764
"Phthalic acid","Prevotellaceae",-0.0235141431632768,0.887010823159697
"Piceid","Prevotellaceae",-0.131802960362578,0.423810842270113
"Pizotifen","Prevotellaceae",-0.0800305925206262,0.628167264472761
"Proline","Prevotellaceae",-0.0680672565252748,0.680538936447737
"Proline-hydroxyproline","Prevotellaceae",-0.0317695433892359,0.847746907714402
"Propionic acid","Prevotellaceae",-0.169248516876565,0.302999413537078
"Pseudouridine","Prevotellaceae",-0.0181512684067399,0.912666729183698
"Purine","Prevotellaceae",-0.14871664228704,0.366230279101862
"Pyridoxamine","Prevotellaceae",0.144392397091524,0.380486271945683
"Pyridoxine","Prevotellaceae",0.000412528827425908,0.998011339124978
"Pyroglutamic acid","Prevotellaceae",0.128090200915744,0.437096004299823
"Pyrrole-2-carboxylic acid","Prevotellaceae",0.31735386132187,0.0489975167101977
"Pyruvic acid","Prevotellaceae",0.0591978867356178,0.720360657293166
"Quinic acid","Prevotellaceae",-0.243804537008712,0.134732980906498
"Ribose A","Prevotellaceae",0.347143008278902,0.0303716499616851
"Riluzole","Prevotellaceae",0.187625972159156,0.252708786333548
"S-Adenosyl-homocysteine","Prevotellaceae",-0.218445069314177,0.181547560679268
"Salicylic acid","Prevotellaceae",-0.15572963235328,0.343800716286405
"Serine","Prevotellaceae",0.0278456958512488,0.866370086619262
"Ser-Val","Prevotellaceae",-0.089518755551422,0.587855881038243
"Sodium lauryl sulfate","Prevotellaceae",0.0932315149982552,0.572400700698774
"Sorbose","Prevotellaceae",0.259893161278322,0.110083174942512
"Stavudine","Prevotellaceae",0.341367604694939,0.0334340440330765
"Sucrose","Prevotellaceae",-0.275362992306794,0.0897592988936931
"Syringic acid","Prevotellaceae",0.0101069562719347,0.951306778045238
"Taurine","Prevotellaceae",-0.0721925447995339,0.662296586731774
"Taurocholic acid","Prevotellaceae",-0.268762531067979,0.0980439318316146
"Threonic acid","Prevotellaceae",-0.0344479004489778,0.835081033062177
"Threonine","Prevotellaceae",0.152635666147586,0.353590340003815
"Thymidine","Prevotellaceae",0.17738739579314,0.279991816003655
"Thymidine-5-monophosphate","Prevotellaceae",-0.0301237526796762,0.855548759312226
"Tomelukast","Prevotellaceae",0.000515687132469728,0.997514049484309
"Toradol","Prevotellaceae",0.0781742127972096,0.636185280569031
"Torasemide","Prevotellaceae",-0.0482658728088312,0.77045216795034
"Tyrosine","Prevotellaceae",-0.0385714453643224,0.815661899463247
"Tyr-Tyr","Prevotellaceae",-0.133659340085994,0.417254175354283
"Uracil","Prevotellaceae",0.0649732903195805,0.694339992722897
"Valine","Prevotellaceae",-0.116539393747819,0.479863325407848
"Val-Val","Prevotellaceae",-0.116333129334106,0.480646372647726
"Valylphenylalanine","Prevotellaceae",0.08518720286345,0.606116934761719
"Vanillic acid","Prevotellaceae",0.0934377794119682,0.571547534903385
"Vanillin","Prevotellaceae",-0.15109632981363,0.358523243488517
"Vardenafil","Prevotellaceae",-0.049196552437612,0.766148519630355
"Vincristine","Prevotellaceae",-0.136396009703702,0.407693711464827
"Vitexin","Prevotellaceae",-0.123996292192081,0.452007722926994
"Willardiine","Prevotellaceae",-0.0640548261192061,0.698455944662781
"Xanthine","Prevotellaceae",0.165836588625215,0.312992846606031
"Xanthosine","Prevotellaceae",0.134800616427587,0.413251858313061
"Xylose","Prevotellaceae",0.013407186891342,0.935436167009414
"Zeranol","Prevotellaceae",0.118608040468037,0.472047092982244
"Riboflavin","Prevotellaceae",0.315378288567107,0.0505017398052714
"1-(Benzo[d[1,3dioxol-4-yl)-2-(ethylamino)propan-1-one","Prevotellaceae",-0.107572335833185,0.514512368141656
"1,5-Pentanediamine","Prevotellaceae",0.253202382042636,0.119882248636294
"1-Hexadecylpyridinium cation","Prevotellaceae",-0.109938932509004,0.505248335295678
"1-palmitoyl-2-hydroxy-sn-glycero-3-phosphoethanolamine","Prevotellaceae",0.116539393747819,0.479863325407848
"1-Stearoyl-2-hydroxy-sn-glycero-3-phosphocholine","Prevotellaceae",0.0732238668680987,0.657765358356689
"2-Deoxyinosine","Prevotellaceae",0.208120793436371,0.203585374570653
"3-(Hydroxymethyl)-6,7-dimethylquinolin-2-ol","Prevotellaceae",-0.110557725750143,0.5028400455719
"4-Hydroxyquinoline-2-carbaldehyde","Prevotellaceae",0.141497387807086,0.390210403065867
"4-Methyl-5-thiazoleethanol","Prevotellaceae",0.073949534796159,0.654584254621583
"alpha-Chaconine","Prevotellaceae",0.16127727803516,0.326667779330211
"Arg-Leu","Prevotellaceae",0.0115508071679254,0.944360748795675
"Benzyldimethyltetradecylammonium cation","Prevotellaceae",-0.049090930463683,0.766636591462904
"Cholic Acid","Prevotellaceae",-0.241329364044156,0.138861912182111
"Choline cation","Prevotellaceae",0.0214514990261472,0.89686648600383
"Citalopram","Prevotellaceae",0.0515661034282385,0.755222705132835
"Cyclohexylamine","Prevotellaceae",0.17594354489715,0.283987974622166
"D-erythro-N-stearoylsphingosine","Prevotellaceae",0.0699236362486914,0.672306926539867
"Desloratadine","Prevotellaceae",-0.0475487602319684,0.773772875676646
"Deuteroporphyrin IX","Prevotellaceae",0.0847746740360241,0.607868698156318
"Ethylhexadecyldimethylammonium cation","Prevotellaceae",0.0765279704585076,0.643330070864257
"Eutylone","Prevotellaceae",0.0103132206856477,0.95031425908496
"Gln-Ile","Prevotellaceae",-0.0470282863265535,0.776185507942592
"Gly-Ile","Prevotellaceae",-0.0575477714259142,0.727854054100955
"Gly-Val","Prevotellaceae",0.00742551889366634,0.964215578985403
"Guanidine","Prevotellaceae",0.200856601438608,0.220168580077145
"Hematoporphyrin","Prevotellaceae",0.0227536612025635,0.890642664732387
"Heptadecasphinganine","Prevotellaceae",0.273506612583377,0.0920326881949802
"Histamine","Prevotellaceae",0.028465929712329,0.863421358822446
"Indole-6-carboxaldehyde","Prevotellaceae",0.0123758648227772,0.940393376972057
"Lidocaine-N-Oxide","Prevotellaceae",-0.119633359953513,0.468198082911301
"L-Isoleucine","Prevotellaceae",0.0327960417803597,0.84288798895274
"Lithocholic acid","Prevotellaceae",-0.0594041511493307,0.719425774310053
"L-Phenylalanine","Prevotellaceae",-0.0606417376316085,0.713824966983785
"L-Tyrosine","Prevotellaceae",0.09426283706682,0.568140684538847
"L-Valine","Prevotellaceae",-0.199045159233001,0.224444546213286
"Maltose","Prevotellaceae",0.23039735011737,0.15821982811018
"Mesoporphyrin IX","Prevotellaceae",-0.00598166799767567,0.971170406152682
"Metformin","Prevotellaceae",0.086029677195714,0.602546196302792
"Methionine","Prevotellaceae",-0.0668296700429971,0.686047360427686
"N,N-Dimethylaniline","Prevotellaceae",-0.0482658728088312,0.77045216795034
"N-Acetyldihydrosphingosine","Prevotellaceae",0.252673906798369,0.1206832626732
"Nicotinate","Prevotellaceae",0.281344660304469,0.0827278959938154
"N-Methyl-2-pyrrolidone","Prevotellaceae",0.152429401733873,0.354248930040026
"N-Methyltyramine","Prevotellaceae",0.156975163123785,0.339907051347703
"n-Octadecylamine","Prevotellaceae",-0.0491990425827526,0.766137013914816
"Norverapamil","Prevotellaceae",0.00629265709127864,0.969672220298043
"O-Benzyl-L-serine","Prevotellaceae",0.0499159881185349,0.762826433142553
"Palmitoyl-L-carnitine","Prevotellaceae",-0.0484721372225442,0.769497770461914
"Pantothenic acid","Prevotellaceae",0.345905421796624,0.0310076402003174
"Peimine","Prevotellaceae",-0.0858059961045889,0.603493359092434
"Phenylethylamine","Prevotellaceae",0.062704381768738,0.704523188399319
"Piperine","Prevotellaceae",-0.394171294605455,0.0130296831272205
"Promecarb","Prevotellaceae",-0.022690233828668,0.890945675954752
"Quinolin-2-ol","Prevotellaceae",0.101482091546773,0.538735522701674
"Quinoline-2,6-diol","Prevotellaceae",0.0977693320999402,0.55376650121234
"Quinoline-2,8-diol","Prevotellaceae",-0.223796888878555,0.170816964947834
"Roquefortine A","Prevotellaceae",-0.07611156866008,0.645142334049823
"Sertraline","Prevotellaceae",0.230737880972186,0.157588736516559
"Solanidine","Prevotellaceae",0.00515661034282385,0.97514556969618
"Stearoyl ethanolamide","Prevotellaceae",0.198220101578149,0.226410856080019
"TAG 39:3","Prevotellaceae",-0.0934377794119682,0.571547534903385
"Theophylline","Prevotellaceae",-0.223178095637416,0.172033830012225
"Thr-Leu","Prevotellaceae",0.0525974254968033,0.750481846009189
"Tomatidine","Prevotellaceae",0.289182708025562,0.0741710698353213
"trans-Zeatin","Prevotellaceae",-0.135721984223124,0.410036699482182
"Trihydroxycholestanoic acid","Prevotellaceae",-0.0765240974875059,0.64334691745366
"Tryptamine","Prevotellaceae",0.0571352425984883,0.729731339134592
"Tryptophan","Prevotellaceae",0.116126864920393,0.481430086826697
"Tyramine","Prevotellaceae",0.319916105668792,0.047100516097585
